,Accuracy,Bearing,acceleration_x,acceleration_y,acceleration_z,gyro_x,gyro_y,gyro_z,second,Speed,label
0,4.0,31.0,0.023942016,9.454702000000001,1.7621324,0.007941248,-0.00061086525,-0.0030543262,0.0,7.259999799999999,1.0
1,4.0,31.0,-0.19153613,9.581595,1.0486604,0.009773844,0.002443461,0.007941248,1.0,7.19,1.0
2,4.0,31.0,0.24420857,8.9040365,1.0462662,-0.00061086525,0.01282817,0.0061086523,2.0,7.08,1.0
3,4.0,30.0,-0.29688102,9.832987,1.2210428999999998,0.0012217305,-0.009162978,0.0030543262,3.0,7.0499997,1.0
4,4.0,30.0,-0.17717093,9.545682000000001,1.0654198000000001,-0.00061086525,-0.004886922,0.004276057,4.0,7.04,1.0
5,4.0,30.0,-0.2705448,9.785102,1.6519991000000003,0.010995574,0.007941248,-0.0061086523,5.0,7.0,1.0
6,4.0,30.0,-0.581791,9.557653,0.92655605,-0.004886922,0.03726278,-0.0067195175,6.0,6.8999996,1.0
7,4.0,28.0,-0.34476504,9.677363,1.9560628,0.0012217305,0.10323623,0.01160644,7.0,6.74,1.0
8,5.0,24.0,-0.40222588,9.9550905,2.4684220000000003,0.0,0.11728613,-0.008552114,8.0,6.49,1.0
9,5.0,21.0,-1.1013328000000002,9.911995,1.9440918000000003,-0.007330383,0.1337795,0.01160644,9.0,5.65,1.0
10,5.0,14.0,-1.376666,9.548077000000001,1.3623008,-0.0018325957999999999,0.18387043,0.032986722999999996,10.0,5.24,1.0
11,5.0,3.0,-1.1611878,9.715671,1.9464860000000002,-0.008552114,0.21074851,0.028710667000000002,11.0,4.71,1.0
12,4.0,344.0,-0.7086836999999999,9.818622,2.5067291000000003,-0.0030543262,0.21135938,0.028099801,12.0,5.8599997,1.0
13,5.0,331.0,-0.19393034,9.421184,2.954445,-0.002443461,0.17409660000000002,0.039095376,13.0,5.71,1.0
14,6.0,318.0,-0.32321724,9.746795,1.8794483,-0.004886922,0.06169739,-0.009773844,14.0,5.2,1.0
15,5.0,315.0,-0.16519992,9.648633,1.4460978999999998,-0.0061086523,0.04886922,0.017104227,15.0,4.5,1.0
16,5.0,311.0,-0.05267244,9.775525,1.5370774999999999,-0.004886922,0.032986722999999996,0.007330383,16.0,4.12,1.0
17,5.0,312.0,-0.30166942,9.662998,1.1827357,-0.0018325957999999999,0.02443461,0.002443461,17.0,4.02,1.0
18,4.609,311.0,-0.45250413,9.89763,1.2473791,-0.0030543262,0.056199603,0.009162978,18.0,3.8899998999999994,1.0
19,4.52,309.0,-0.62488663,10.3214035,1.1563994,0.004886922,0.06291912,-0.021380282999999996,19.0,3.85,1.0
20,4.9319999999999995,307.0,-0.32321724,9.909601,0.8355764000000001,0.03481932,0.017715093,-0.0012217305,20.0,3.85,1.0
21,5.106,308.0,-1.0582372,9.923966,0.50757074,-0.11362094,0.031154128,-0.009162978,21.0,3.85,1.0
22,5.104,309.0,-0.24420857,9.919178,0.9720459000000001,0.030543262,0.008552114,-0.018936822,22.0,3.79,1.0
23,4.605,310.0,-0.34715924,9.725247,0.79966336,0.007330383,0.01038471,-0.010995574,23.0,3.6999998,1.0
24,4.501,309.0,-0.20829555,10.129868,0.9600749,-0.040317107000000005,-0.02321288,0.008552114,24.0,3.77,1.0
25,5.0,309.0,-0.15083471,10.000581,1.1348516000000002,-0.0012217305,-0.007941248,0.007330383,25.0,4.0299997,1.0
26,4.0,311.0,-0.21787235,9.876082,0.8762778,0.0036651915999999997,-0.0018325957999999999,0.0036651915999999997,26.0,4.18,1.0
27,3.9,311.0,0.059855044,9.76116,0.91697925,-0.0030543262,-0.0012217305,0.0012217305,27.0,4.2999997,1.0
28,3.9,311.0,0.11731588,9.411607,0.01436521,-0.0036651915999999997,0.004276057,-0.008552114,28.0,4.38,1.0
29,3.9,311.0,-0.29688102,10.0341,1.376666,-0.032375857,0.004276057,-0.007330383,29.0,4.52,1.0
30,3.9,311.0,-0.15083471,9.706094,0.91458505,-0.014049901000000002,0.008552114,0.00061086525,30.0,4.5499997,1.0
31,3.9,310.0,-0.4213795,10.096349,1.1971009,-0.008552114,0.025045475,-0.004886922,31.0,4.52,1.0
32,3.9,309.0,-0.8643068000000002,10.019734,0.770933,-0.009162978,0.053145275,-0.014049901000000002,32.0,4.65,1.0
33,3.9,305.0,-0.17956513,9.880871,0.26336220000000005,0.02565634,0.1020145,0.01160644,33.0,4.66,1.0
34,3.9,299.0,-1.4676456,10.132261,0.8834603999999999,-0.021380282999999996,0.1282817,0.014049901000000002,34.0,5.15,1.0
35,3.9,291.0,-1.6376339,9.490616000000001,0.7182605,-0.007330383,0.18387043,0.002443461,35.0,5.67,1.0
36,3.9,281.0,-1.1516110000000002,9.974244,1.4508862,-0.032375857,0.17043139999999998,0.02565634,36.0,6.3399997,1.0
37,3.9,272.0,-1.3024458,9.794678999999999,1.127669,-0.017715093,0.18020524,0.015271631,37.0,6.54,1.0
38,4.0,260.0,-1.9009962,9.653421,1.5083469999999999,-0.020158553,0.21013765,0.018936822,38.0,6.5699997,1.0
39,4.0,254.0,-1.6831238000000002,9.674969,1.8076223000000002,-0.010995574,0.23273966,0.034208454,39.0,7.16,1.0
40,4.0,253.0,-1.2976573999999998,9.785102,1.0965444,-0.014660766,0.15332718,0.014049901000000002,40.0,7.23,1.0
41,5.0,236.0,-1.3934253,10.13705,2.0278888,-0.01160644,0.0720821,0.013439035,41.0,7.509999799999999,1.0
42,4.0,223.0,0.33518824,9.124303,1.6112977,0.010995574,0.028710667000000002,0.004886922,42.0,7.41,1.0
43,4.0,221.0,-0.31603462,11.281479,1.6472107,-0.0036651915999999997,0.020158553,0.014660766,43.0,6.92,1.0
44,5.0,220.0,0.8762778,10.398017999999999,1.7525556,-0.07147124,0.013439035,0.025045475,44.0,6.47,1.0
45,4.0,220.0,-0.33279404,9.758766,0.9983820999999999,0.016493361,0.013439035,-0.00061086525,45.0,6.18,1.0
46,4.27,0.0,-0.033518825,9.902417999999999,1.2689268999999999,-0.00061086525,-0.03176499,0.008552114,46.0,-1.0,1.0
47,5.0,220.0,-0.26815059999999996,9.758766,1.1492168,-0.0018325957999999999,-0.008552114,-0.010995574,48.0,6.04,1.0
48,5.0,222.0,0.009576807,9.840169,0.8451531999999999,0.0,-0.020158553,0.004886922,49.0,6.21,1.0
49,4.0,222.0,-0.33518824,9.696517,0.6536171,-0.0018325957999999999,-0.018325957,0.0012217305,50.0,6.3399997,1.0
50,4.0,223.0,-0.59855044,10.28549,1.5634137,-0.008552114,-0.008552114,-0.009773844,51.0,6.64,1.0
51,4.0,224.0,-0.3184288,9.868899,0.89543146,0.019547688,0.0,0.015882496,52.0,6.74,1.0
52,4.0,224.0,-0.4405331,9.516952,1.6065093000000001,0.002443461,0.036651913,-0.01282817,53.0,6.66,1.0
53,4.0,221.0,0.5554548,9.447519999999999,1.292869,-0.004886922,0.030543262,0.008552114,54.0,6.68,1.0
54,4.0,219.0,-0.22984336,9.703699,1.3838485,-0.004886922,0.032375857,0.007941248,55.0,6.45,1.0
55,4.0,217.0,-0.3854665,10.175357,2.1308396000000003,-0.01160644,0.02321288,-0.0018325957999999999,56.0,5.89,1.0
56,4.0,215.0,0.09816227,9.258378,1.8746599,0.0036651915999999997,0.058643065,0.015882496,57.0,5.31,1.0
57,4.0,214.0,-0.19393034,9.509769,1.7070657999999999,0.012217305,0.09040806,0.009773844,58.0,4.7799997,1.0
58,4.0,210.0,-0.2705448,9.473856,1.1707646999999999,0.004886922,0.10262536,0.009773844,59.0,4.48,1.0
59,4.0,203.0,-1.7525556,9.598353999999999,1.3239936,-0.007941248,0.22540927,0.0067195175,60.0,4.25,1.0
60,6.0,194.0,-2.2816741,9.828198,1.271321,-0.0061086523,0.37690386,0.07269296,61.0,4.73,1.0
61,6.0,182.0,-2.0350714,9.710882000000002,1.2210428999999998,-0.02443461,0.31337386,0.018936822,62.0,5.04,1.0
62,6.0,161.0,-0.82121116,9.976639,0.7254431,-0.015882496,0.07452556,-0.0018325957999999999,63.0,5.99,1.0
63,6.0,140.0,0.20111294,9.770736999999999,-0.06943185,-0.008552114,-0.03359759,0.018325957,64.0,6.5899997,1.0
64,7.0,141.0,-0.62009823,10.793061,-0.7637503000000001,0.0012217305,-0.054367005999999996,-0.021991148999999998,65.0,7.2999997,1.0
65,7.0,145.0,0.28491,9.773131,0.79966336,0.0067195175,-0.10445796,-0.018936822,66.0,7.72,1.0
66,7.0,151.0,0.090979666,10.125079,0.62967503,-0.007941248,-0.1160644,0.005497787,67.0,8.17,1.0
67,7.0,159.0,1.0414777,10.18254,1.4796166000000002,-0.0061086523,-0.096516706,-0.01160644,68.0,8.55,1.0
68,6.0,165.0,0.035913024,10.295067,1.1492168,0.0061086523,-0.04153884,-0.03176499,69.0,8.32,1.0
69,6.0,167.0,-0.8403648000000001,8.935161,0.37349546,0.007941248,-0.01038471,-0.008552114,70.0,8.37,1.0
70,6.0,173.0,-1.9632453999999997,10.582372,1.5705963,-0.03481932,-0.005497787,0.0030543262,71.0,8.519999499999999,1.0
71,6.0,174.0,-0.7182605,10.18254,1.8100165000000001,-0.025045475,0.0067195175,0.0036651915999999997,72.0,9.24,1.0
72,6.0,174.0,0.82599956,10.060435,3.6248214,0.0067195175,0.005497787,0.036651913,73.0,9.519999499999999,1.0
73,6.0,175.0,0.019153614,9.526527999999999,3.0310593,0.007330383,0.04153884,-0.015271631,74.0,9.05,1.0
74,6.0,172.0,0.94570965,9.502586,3.6367924,-0.0030543262,0.040317107000000005,0.019547688,75.0,7.06,1.0
75,5.0,169.0,0.9983820999999999,9.643844999999999,3.7660792,0.005497787,0.023823743999999997,0.017104227,76.0,4.95,1.0
76,4.373,165.0,0.58897364,9.524135000000001,2.528277,0.0036651915999999997,0.007941248,0.009773844,77.0,2.44,1.0
77,3.897,163.0,0.4405331,9.706094,2.2409727999999998,-0.005497787,0.0036651915999999997,0.00061086525,78.0,0.77,1.0
78,3.61,162.0,0.16280572,9.742006,1.520318,-0.0018325957999999999,0.00061086525,0.0012217305,79.0,0.17,1.0
79,3.438,161.0,0.095768064,9.7563715,1.4484920000000001,-0.0012217305,0.0,0.0,80.0,0.14,1.0
80,3.2510000000000003,0.0,0.13407529999999998,9.77792,1.3215994,0.0,-0.004886922,0.004886922,81.0,0.0,1.0
81,3.2,0.0,0.079008654,9.77792,1.3742718,0.0030543262,0.002443461,-0.0030543262,82.0,0.0,1.0
82,3.1639999999999997,0.0,0.076614454,9.76116,1.3503298000000001,0.00061086525,0.00061086525,-0.0012217305,83.0,0.0,1.0
83,3.139,0.0,0.090979666,9.765948,1.3431472,-0.0012217305,0.00061086525,-0.00061086525,84.0,0.0,1.0
84,3.1210000000000004,0.0,0.035913024,9.694122,1.4077905000000002,0.0,0.0012217305,0.0,85.0,0.0,1.0
85,3.108,0.0,0.12449849,9.76116,1.4604629999999998,-0.002443461,-0.00061086525,0.0012217305,86.0,0.0,1.0
86,3.0989999999999998,0.0,0.09816227,9.718064,1.42455,-0.00061086525,0.0012217305,0.0,87.0,0.0,1.0
87,3.092,0.0,0.35194764,9.730036,1.5873556999999998,0.040317107000000005,0.018936822,-0.008552114,88.0,0.0,1.0
88,3.088,0.0,0.11492168,9.751583,1.3239936,-0.0030543262,0.0,0.0030543262,89.0,0.0,1.0
89,3.0839999999999996,0.0,0.06464344,9.624691,1.3455413999999999,0.0030543262,0.0030543262,0.0,90.0,0.0,1.0
90,3.082,0.0,0.09816227,9.677363,1.2689268999999999,0.0,-0.0012217305,0.00061086525,91.0,0.0,1.0
91,3.08,0.0,0.090979666,9.878476,1.4748282,0.0,-0.0018325957999999999,-0.0018325957999999999,92.0,0.0,1.0
92,3.0789999999999997,0.0,0.08379706,9.706094,1.4484920000000001,-0.004886922,-0.0030543262,0.002443461,93.0,0.0,1.0
93,3.0780000000000003,0.0,0.05746084,9.706094,1.3814543,0.002443461,0.0,0.00061086525,94.0,0.0,1.0
94,3.077,0.0,0.088585466,9.821015,1.3838485,0.0012217305,0.002443461,0.00061086525,95.0,0.0,1.0
95,3.077,0.0,0.095768064,9.734824,1.3742718,-0.0012217305,-0.00061086525,0.00061086525,96.0,0.0,1.0
96,3.076,0.0,0.08140286,9.749189,1.3096284,0.0,0.0030543262,0.00061086525,97.0,0.0,1.0
97,3.0,0.0,0.10295067,9.765948,1.3431472,-0.0061086523,0.0036651915999999997,0.0036651915999999997,98.0,0.0,1.0
98,4.0,0.0,-0.5267244000000001,9.9550905,0.031124622,0.010995574,0.01160644,-0.007330383,99.0,0.0,1.0
99,3.32,0.0,-0.59855044,10.04607,-0.33758244,-0.008552114,0.017715093,0.026267206,100.0,0.0,1.0
100,3.806,167.0,-0.19393034,9.514558000000001,-0.47644615,-0.002443461,-0.010995574,-0.002443461,101.0,2.6499999,1.0
101,4.274,171.0,-0.5482722,10.103531,0.14844051,-0.0067195175,0.01038471,0.007330383,102.0,3.6999998,1.0
102,5.0,166.0,-0.095768064,9.588778,0.33518824,0.0018325957999999999,0.022602014,0.004276057,103.0,5.5699997,1.0
103,4.0,164.0,-0.7062895,9.533711,0.8547299999999999,0.004886922,0.03604105,-0.0061086523,104.0,6.6099997,1.0
104,4.0,162.0,-0.94092125,9.244013,0.7110779,0.0036651915999999997,0.06414085,0.009162978,105.0,7.39,1.0
105,4.0,160.0,-1.2497733,9.885659,0.61052144,-0.0012217305,0.06169739,0.00061086525,106.0,8.139999000000001,1.0
106,4.0,155.0,-0.28012159999999997,9.327810000000001,0.9624690999999999,-0.00061086525,0.04642576,0.014660766,107.0,8.97,1.0
107,4.0,152.0,-0.06464344,9.624691,0.9959879,0.014660766,0.027488936000000002,0.007330383,108.0,9.67,1.0
108,4.0,151.0,-0.27533320000000006,10.012551,1.3192052,0.0036651915999999997,0.039095376,-0.029321532999999997,109.0,10.309999000000001,1.0
109,4.0,150.0,-0.04309563,9.849746000000001,2.2960392999999995,-0.00061086525,0.03970624,0.0012217305,110.0,10.69,1.0
110,5.0,148.0,-0.50038815,9.737217999999999,1.6136919,-0.02687807,0.037873644,0.021380282999999996,111.0,10.969999000000001,1.0
111,6.0,145.0,-0.1436521,9.124303,1.6735470000000001,0.013439035,0.035430185,0.01038471,112.0,11.15,1.0
112,5.0,142.0,1.0462662,9.993398,1.7932571,-0.004276057,0.013439035,-0.022602014,113.0,11.44,1.0
113,6.0,142.0,-0.24181437,10.031705,1.5275006000000002,0.018325957,0.015882496,0.0018325957999999999,114.0,11.69,1.0
114,6.0,142.0,-0.24899697,9.907207000000001,2.2122424,-0.023823743999999997,-0.007330383,0.02321288,115.0,11.719999000000001,1.0
115,4.0,140.0,-0.37349546,9.119514,0.92176765,-0.002443461,0.004276057,-0.0030543262,116.0,11.8,1.0
116,4.0,138.0,-0.5243302,9.677363,1.9536686,-0.027488936000000002,0.050701816,0.022602014,117.0,11.98,1.0
117,5.0,134.0,-0.47644615,9.619903,1.5466543,0.007330383,0.023823743999999997,-0.013439035,118.0,12.139999000000001,1.0
118,4.2139999999999995,0.0,-1.0941502,9.713275999999999,1.661576,-0.004276057,0.07086037,-0.0067195175,119.0,-1.0,1.0
119,6.0,123.0,-0.13168110000000002,9.94312,2.3750482,0.0036651915999999997,0.06841691,0.002443461,121.0,10.769999499999999,1.0
120,4.0,120.0,-0.9600749,9.945514,1.4820108,0.0030543262,0.0842994,-0.004276057,122.0,10.34,1.0
121,4.0,116.0,-0.2777274,10.2495775,1.4317327,0.0,0.06963864,0.018325957,123.0,10.139999000000001,1.0
122,4.0,112.0,-0.866701,9.737217999999999,1.1994951,-0.0036651915999999997,0.058643065,-0.0067195175,124.0,9.87,1.0
123,4.0,109.0,-0.34715924,9.945514,0.7350199000000001,-0.010995574,0.004886922,-0.00061086525,125.0,9.99,1.0
124,4.0,108.0,-1.2449848999999997,10.18254,1.472434,0.020158553,0.0018325957999999999,0.039095376,126.0,10.04,1.0
125,4.0,108.0,0.4309563,9.248801,1.8555063000000003,-0.025045475,0.017104227,0.025045475,127.0,9.69,1.0
126,4.0,107.0,-0.80445176,9.722853,3.2441432,0.004276057,0.10873401,0.031154128,128.0,9.26,1.0
127,3.9,102.0,-0.58657944,9.643844999999999,3.6296098,-0.02076942,0.20647246,0.03970624,129.0,8.059999000000001,1.0
128,4.0,87.0,-3.6679169999999996,11.798625999999999,1.7573439999999998,-0.017715093,0.22968534,-0.017104227,130.0,6.73,1.0
129,4.0,76.0,-2.2026656000000004,9.911995,1.4101848999999997,-0.016493361,0.24190263,0.04153884,131.0,6.3199997,1.0
130,4.0,64.0,-3.1076740000000003,9.416395,1.8004397,-0.02565634,0.2779437,0.037873644,132.0,6.7999997,1.0
131,4.0,47.0,-3.0430303,9.361329,1.1899183,-0.023823743999999997,0.28283059999999993,0.055588737,133.0,8.62,1.0
132,4.0,32.0,-1.364695,9.26556,-1.1707646999999999,-0.0036651915999999997,0.0842994,0.021380282999999996,134.0,10.12,1.0
133,4.0,24.0,-0.25378537,8.755595,-0.81642276,0.02443461,0.007330383,-0.017715093,135.0,11.3,1.0
134,4.0,27.0,-0.5674258000000001,9.404425,-0.2825158,-0.022602014,-0.032986722999999996,-0.0067195175,136.0,11.969999000000001,1.0
135,4.0,27.0,-0.038307227,10.326192,1.1994951,-0.026267206,-0.014660766,0.002443461,137.0,13.13,1.0
136,3.9,28.0,0.095768064,10.455478999999999,1.2976573999999998,-0.01038471,-0.022602014,-0.004276057,138.0,13.74,1.0
137,3.9,30.0,-0.035913024,9.481038999999999,1.0103531,0.01038471,-0.02321288,-0.007330383,139.0,14.28,1.0
138,3.9,31.0,-1.0319009,9.179369,0.08379706,0.0012217305,-0.00061086525,0.014660766,140.0,14.73,1.0
139,3.9,31.0,1.1468226000000001,10.065224,1.5682021000000002,0.012217305,0.005497787,0.0018325957999999999,141.0,15.2,1.0
140,3.9,31.0,1.2186487,10.149021000000001,2.2649147999999997,0.022602014,-0.0067195175,0.025045475,142.0,15.38,1.0
141,3.9,30.0,-0.47165772,9.976639,0.22505496,0.017715093,-0.0018325957999999999,-0.004886922,143.0,15.69,1.0
142,3.9,31.0,0.48602295,9.179369,1.9632453999999997,0.01160644,-0.0061086523,0.028099801,144.0,15.849998999999999,1.0
143,3.9,31.0,-0.6560113000000001,9.904813,0.7230489,-0.02076942,0.0,0.0061086523,145.0,15.83,1.0
144,3.9,31.0,0.21308395,9.880871,0.8858546,-0.0061086523,-0.02321288,0.004276057,146.0,15.75,1.0
145,3.9,32.0,0.090979666,9.296685,0.90740246,0.03176499,-0.0036651915999999997,-0.014049901000000002,147.0,15.929998999999999,1.0
146,3.9,33.0,-1.2090718999999999,9.665392,1.283292,-0.029932396,0.007941248,-0.0067195175,148.0,16.05,1.0
147,4.0,33.0,0.047884032,9.871294,2.3391352000000003,-0.017715093,0.012217305,0.0,149.0,16.279999,1.0
148,4.0,32.0,-0.29209262,9.445126,2.0207062,0.0067195175,0.007941248,0.014660766,150.0,16.029999,1.0
149,5.0,32.0,0.18435353,9.308656,2.456451,-0.0018325957999999999,0.0036651915999999997,0.007330383,151.0,14.839998999999999,1.0
150,5.0,30.0,0.61530983,9.3182335,2.0853498,0.008552114,0.0061086523,0.00061086525,152.0,14.2,1.0
151,5.0,29.0,0.011971008,9.619903,1.6400281000000003,0.015271631,0.0067195175,-0.01038471,153.0,13.74,1.0
152,4.0,32.0,1.0295067,8.817844000000001,2.0254946,-0.017104227,0.004886922,0.0030543262,154.0,12.88,1.0
153,4.0,30.0,-0.17717093,9.629479,1.8698715,-0.016493361,0.004886922,-0.0012217305,155.0,12.2,1.0
154,4.0,31.0,0.82360536,9.378088,2.633622,0.005497787,0.00061086525,0.0067195175,156.0,11.269999499999999,1.0
155,4.0,31.0,-0.01436521,9.14585,1.8243817,0.00061086525,0.00061086525,0.00061086525,157.0,10.429999,1.0
156,4.0,31.0,-0.11492168,9.933542999999998,2.0661959999999997,-0.00061086525,0.0036651915999999997,0.007330383,158.0,9.67,1.0
157,5.0,30.0,0.35194764,9.77792,2.873042,-0.004886922,0.002443461,0.002443461,159.0,8.45,1.0
158,5.0,30.0,0.5267244000000001,9.533711,2.44448,0.01282817,0.004276057,-0.0012217305,160.0,7.37,1.0
159,5.0,26.0,0.18435353,9.746795,2.695871,-0.0018325957999999999,0.002443461,0.014049901000000002,161.0,6.98,1.0
160,4.0,28.0,0.7230489,9.430760000000001,3.0382418999999996,0.005497787,0.0030543262,0.00061086525,162.0,4.49,1.0
161,3.659,29.0,0.28491,9.634267999999999,2.2050598,0.002443461,0.0012217305,-0.0067195175,163.0,2.8999999,1.0
162,3.258,29.0,0.090979666,9.737217999999999,1.8890251,-0.004886922,0.01038471,-0.0018325957999999999,164.0,1.23,1.0
163,3.02,35.0,-0.29688102,10.005369,0.90740246,0.0018325957999999999,0.01038471,-0.005497787,165.0,0.82,1.0
164,3.0,37.0,-0.14844051,9.809045,1.283292,0.00061086525,0.0012217305,-0.0018325957999999999,166.0,0.19999999,1.0
165,3.0,38.0,-0.09816227,9.7324295,1.2425906999999998,-0.00061086525,0.00061086525,-0.0012217305,167.0,0.12,1.0
166,3.0,0.0,-0.095768064,9.7324295,1.1492168,0.00061086525,0.0,-0.0012217305,168.0,0.0,1.0
167,3.0,0.0,-0.35434186,9.842564,0.61530983,0.0018325957999999999,0.01038471,-0.0012217305,169.0,0.0,1.0
168,3.0,0.0,-0.9768343,10.163386000000001,-2.3870192,0.031154128,-0.07574729,-0.014049901000000002,170.0,0.0,1.0
169,3.0,22.0,-1.2521674999999999,10.187327999999999,-2.123657,0.019547688,-0.021991148999999998,-0.021380282999999996,171.0,1.48,1.0
170,6.0,26.0,-0.44532153,10.026916499999999,-1.6639702,0.008552114,0.002443461,0.0036651915999999997,172.0,4.98,1.0
171,5.0,31.0,0.5386954,9.560047,-0.93373865,0.008552114,0.0067195175,0.010995574,173.0,9.49,1.0
172,5.0,28.0,-0.1604115,9.291897,0.05746084,-0.02687807,0.007941248,-0.012217305,174.0,11.88,1.0
173,4.0,30.0,-0.6655880999999999,9.555259,-1.6831238000000002,-0.007941248,0.002443461,-0.004886922,175.0,14.16,1.0
174,4.0,30.0,0.062249242999999996,10.237606,0.32321724,-0.029321532999999997,-0.014049901000000002,0.015271631,176.0,16.13,1.0
175,4.0,30.0,0.23702596,9.8042555,-0.5554548,0.0061086523,-0.004276057,-0.0067195175,177.0,16.89,1.0
176,4.0,31.0,-0.18914193,9.648633,0.30406362,0.004276057,-0.0036651915999999997,0.0067195175,178.0,17.609999,1.0
177,4.0,31.0,1.0893618,9.562441999999999,1.6065093000000001,-0.020158553,-0.0030543262,-0.0012217305,179.0,18.67,1.0
178,4.0,31.0,0.91458505,9.56723,2.171541,0.004886922,0.0061086523,-0.008552114,180.0,19.23,1.0
179,4.0,31.0,-0.023942016,9.880871,1.5825673,-0.010995574,0.004276057,0.010995574,181.0,18.82,1.0
180,4.0,31.0,0.78290397,9.636662,1.0366893,-0.01160644,0.002443461,0.01038471,182.0,18.89,1.0
181,4.0,30.0,0.2777274,10.089166,1.9991584,0.0036651915999999997,0.0012217305,-0.002443461,183.0,19.199999,1.0
182,4.0,30.0,-0.7661445,9.94312,1.2473791,0.004276057,0.0067195175,-0.021380282999999996,184.0,19.55,1.0
183,4.0,30.0,-0.79726917,10.237606,1.0845733999999998,0.04520403,0.12095132,-0.06047566,185.0,19.4,1.0
184,4.0,31.0,-0.16759412,9.921572,2.2457612,-0.012217305,0.0,0.013439035,186.0,19.48,1.0
185,3.9,31.0,-0.20111294,9.76116,1.2641385,-0.004276057,-0.002443461,0.004886922,187.0,19.49,1.0
186,4.0,31.0,0.8523358,9.40203,2.956839,0.026267206,0.00061086525,0.015882496,188.0,19.189999,1.0
187,4.0,31.0,0.94570965,9.509769,1.7693150000000002,0.0030543262,0.015271631,-0.04276056599999999,189.0,18.449999,1.0
188,4.0,31.0,0.320823,10.036493,2.4109612,0.0061086523,0.009162978,-0.023823743999999997,190.0,17.5,1.0
189,4.0,31.0,0.5770026,9.837775,2.528277,-0.004276057,0.0012217305,0.0030543262,191.0,16.52,1.0
190,4.0,31.0,0.7565677,9.648633,2.3463178,-0.007941248,-0.0030543262,-0.0030543262,192.0,15.53,1.0
191,4.0,31.0,0.82360536,9.677363,1.9488802,0.0018325957999999999,-0.004276057,0.00061086525,193.0,14.44,1.0
192,4.0,31.0,0.32321724,9.334992,2.3223755,0.0018325957999999999,-0.013439035,0.040317107000000005,194.0,13.349998999999999,1.0
193,3.9,31.0,0.90500826,9.667786999999999,3.1890767,-0.00061086525,0.0,0.01160644,195.0,12.09,1.0
194,4.0,31.0,0.20590134,9.507375,2.8969840000000002,-0.0036651915999999997,0.004886922,-0.004276057,196.0,10.139999000000001,1.0
195,4.0,31.0,0.23942018,9.294291000000001,2.5450362999999996,0.0018325957999999999,0.007941248,0.007330383,197.0,7.77,1.0
196,4.0,30.0,0.5530606,9.763555,2.6312277,0.0018325957999999999,0.008552114,-0.0018325957999999999,198.0,5.71,1.0
197,3.823,27.0,0.076614454,9.828198,2.1883004,0.009773844,0.02321288,-0.009773844,199.0,3.9599998,1.0
198,3.557,28.0,0.31364042,9.648633,1.745373,0.017715093,0.0018325957999999999,-0.004276057,200.0,2.6299999,1.0
199,3.255,29.0,0.12210429,9.744401,1.9297266,0.0018325957999999999,0.0036651915999999997,-0.0067195175,201.0,1.4499999,1.0
200,3.023,26.0,0.11971009,9.730036,1.8531121,-0.0012217305,-0.0012217305,-0.00061086525,202.0,0.85999995,1.0
201,3.0,24.0,-0.18914193,9.821015,0.8403648000000001,-0.00061086525,0.0012217305,0.00061086525,204.0,0.11,1.0
202,3.0,0.0,-0.21068975,9.792285000000001,0.9648633,0.00061086525,0.0012217305,-0.0018325957999999999,205.0,0.0,1.0
203,3.0,0.0,-0.22026655,9.813833,0.8379706,0.0,-0.0012217305,-0.0030543262,206.0,0.0,1.0
204,3.0,0.0,-0.21308395,9.792285000000001,0.9768343,0.00061086525,-0.00061086525,0.0,207.0,0.0,1.0
205,3.0,0.0,-0.19153613,9.82341,0.9768343,-0.00061086525,0.0018325957999999999,0.002443461,208.0,0.0,1.0
206,3.0,0.0,-0.22266077,9.749189,0.92416185,-0.0018325957999999999,-0.005497787,-0.0030543262,209.0,0.0,1.0
207,3.0,0.0,-0.16519992,9.849746000000001,0.9888053,-0.0018325957999999999,-0.002443461,0.002443461,210.0,0.0,1.0
208,3.0,0.0,-0.21308395,9.775525,0.90979666,-0.00061086525,0.0036651915999999997,0.002443461,211.0,0.0,1.0
209,3.0,0.0,-0.20829555,9.840169,1.0366893,-0.0012217305,0.00061086525,-0.00061086525,212.0,0.0,1.0
210,3.0,0.0,-0.19632454,9.832987,0.82599956,0.0030543262,0.0036651915999999997,0.0012217305,213.0,0.0,1.0
211,3.0,0.0,-0.22505496,9.80665,0.9576806999999999,-0.00061086525,-0.00061086525,-0.0012217305,214.0,0.0,1.0
212,3.0,0.0,-0.21547815,9.751583,1.1133038,0.00061086525,-0.0012217305,-0.0012217305,215.0,0.0,1.0
213,3.0,0.0,-0.18914193,9.782708,0.8738836,-0.0030543262,0.0,0.00061086525,216.0,0.0,1.0
214,3.0,0.0,-0.22984336,9.78989,0.9528923,0.002443461,-0.0030543262,-0.0030543262,217.0,0.0,1.0
215,3.0,0.0,-0.16759412,9.80665,0.830788,0.0,-0.004276057,-0.0030543262,218.0,0.0,1.0
216,3.0,0.0,-0.17717093,9.813833,0.93134445,-0.0012217305,0.002443461,0.0012217305,219.0,0.0,1.0
217,3.0,0.0,-0.21787235,9.7563715,0.9552864999999999,-0.0012217305,0.00061086525,-0.0012217305,220.0,0.0,1.0
218,3.0,0.0,-0.19393034,9.792285000000001,0.9696517,-0.00061086525,-0.00061086525,-0.0012217305,221.0,0.0,1.0
219,3.0,0.0,-0.23223756,9.773131,0.9696517,0.0,0.0012217305,-0.0018325957999999999,222.0,-1.0,1.0
220,3.0,0.0,-0.23702596,9.801862,0.91458505,0.00061086525,0.002443461,-0.0012217305,224.0,0.0,1.0
221,3.0,0.0,-0.22505496,9.809045,1.0654198000000001,0.0,-0.0018325957999999999,-0.00061086525,225.0,0.0,1.0
222,3.0,0.0,-0.19871874,9.825804,0.9528923,0.00061086525,0.0012217305,0.0,226.0,0.0,1.0
223,3.0,0.0,-0.21068975,9.765948,0.9504981,0.0,-0.002443461,-0.0012217305,227.0,0.0,1.0
224,3.0,0.0,-0.22026655,9.811439,0.9959879,-0.0012217305,0.004886922,0.002443461,228.0,0.0,1.0
225,3.0,0.0,-0.21308395,9.818622,0.9816226999999998,-0.0012217305,0.0,-0.00061086525,229.0,0.0,1.0
226,3.0,0.0,-0.19871874,9.765948,0.92895025,0.0,-0.0018325957999999999,-0.002443461,230.0,0.0,1.0
227,3.0,0.0,-0.20350714,9.873688000000001,0.91697925,0.0012217305,0.004276057,0.002443461,231.0,0.0,1.0
228,3.0,0.0,-0.18914193,9.844957,0.90500826,-0.00061086525,0.0,0.0,232.0,0.0,1.0
229,3.0,0.0,-0.17956513,9.80665,0.92655605,0.00061086525,0.0012217305,0.0012217305,233.0,0.0,1.0
230,3.0,0.0,-0.20590134,9.854534,0.91937345,0.0,0.0,-0.002443461,234.0,0.0,1.0
231,3.0,0.0,-0.20350714,9.818622,0.91458505,0.00061086525,0.002443461,0.0,235.0,0.0,1.0
232,3.0,0.0,-0.25139117,9.718064,1.0462662,0.0,0.00061086525,-0.00061086525,236.0,0.0,1.0
233,3.0,0.0,-0.20111294,9.7803135,0.9504981,-0.0018325957999999999,0.00061086525,0.0,237.0,0.0,1.0
234,3.0,0.0,-0.20111294,9.8042555,0.9504981,0.0012217305,0.0,0.00061086525,238.0,0.0,1.0
235,3.0,0.0,-0.21547815,9.730036,1.0103531,-0.0012217305,0.0012217305,0.0,239.0,0.0,1.0
236,3.0,0.0,-0.22505496,9.773131,1.0654198000000001,0.00061086525,0.002443461,0.0012217305,240.0,0.0,1.0
237,3.0,0.0,-0.19632454,9.809045,0.8834603999999999,-0.00061086525,-0.00061086525,-0.0012217305,241.0,0.0,1.0
238,3.0,0.0,-0.23463176,9.753978,0.8475474000000001,-0.0012217305,0.0030543262,-0.0012217305,242.0,-1.0,1.0
239,3.0,0.0,-0.1364695,9.797073,1.1133038,-0.0018325957999999999,-0.012217305,0.0030543262,244.0,0.0,1.0
240,3.0,0.0,-0.19871874,9.763555,0.81402856,-0.0018325957999999999,0.0012217305,0.0036651915999999997,245.0,0.0,1.0
241,3.0,0.0,-0.20111294,9.80665,1.043872,-0.002443461,0.0012217305,0.00061086525,246.0,0.0,1.0
242,3.0,0.0,-0.2705448,9.792285000000001,0.93134445,0.0,0.004276057,0.0012217305,247.0,0.0,1.0
243,3.0,0.0,-0.18674773,9.792285000000001,0.9600749,-0.0012217305,0.0018325957999999999,0.0012217305,248.0,0.0,1.0
244,3.0,0.0,-0.21068975,9.785102,0.9504981,0.0,0.0,-0.00061086525,249.0,0.0,1.0
245,3.0,0.0,-0.18674773,9.864111,0.8858546,0.0,0.0018325957999999999,0.00061086525,250.0,0.0,1.0
246,3.0,0.0,-0.25139117,9.765948,0.9935937,0.00061086525,0.0,-0.0030543262,251.0,0.0,1.0
247,3.0,0.0,-0.19871874,9.787497,0.9696517,-0.0012217305,0.00061086525,0.0012217305,252.0,0.0,1.0
248,3.0,0.0,-0.19632454,9.792285000000001,0.90979666,0.0012217305,-0.0030543262,-0.0030543262,253.0,0.0,1.0
249,3.0,0.0,-1.1683705,10.017339999999999,-1.2761095,0.0012217305,0.01282817,-0.0067195175,254.0,0.0,1.0
250,3.0,29.0,-1.7956512999999998,10.151415,-2.5498247000000003,-0.029932396,0.02321288,-0.004886922,255.0,0.82,1.0
251,5.0,29.0,-1.7429788,11.058817999999999,-2.731784,-0.056199603,0.029321532999999997,0.026267206,256.0,4.0499997,1.0
252,5.0,28.0,-0.9768343,9.40203,-1.6448165000000001,-0.013439035,0.044593163,0.014660766,257.0,8.09,1.0
253,5.0,26.0,-1.9512744,11.571177,-0.80924016,-0.04153884,-0.008552114,0.007330383,258.0,11.24,1.0
254,4.0,25.0,-0.93852705,9.239224,-1.0726023999999998,0.052534412999999995,0.0018325957999999999,-0.004276057,259.0,13.5,1.0
255,3.9,26.0,-1.5825673,10.15381,-0.10534488,-0.01282817,0.009162978,-0.0030543262,260.0,15.25,1.0
256,4.0,25.0,0.007182605,8.865729,-0.5291186,0.004886922,0.004886922,0.037873644,261.0,16.72,1.0
257,4.0,24.0,-0.8283938,10.024523,1.2641385,0.019547688,0.015271631,0.012217305,262.0,17.33,1.0
258,4.0,24.0,0.27533320000000006,9.234436,1.8770541,-0.015882496,0.017104227,0.002443461,263.0,17.72,1.0
259,3.9,23.0,-1.055843,9.215282,0.22026655,-0.015271631,0.05497787,-0.009162978,264.0,17.789998999999998,1.0
260,3.9,21.0,-0.8379706,10.160992,0.9600749,0.002443461,0.04276056599999999,0.022602014,265.0,18.039998999999998,1.0
261,3.9,18.0,-0.62488663,9.440337,1.8028339,-0.014660766,0.026267206,0.030543262,266.0,18.46,1.0
262,3.9,16.0,-1.1755531000000001,10.524911,0.7469909,0.029932396,0.040927973,0.007941248,267.0,18.41,1.0
263,3.9,14.0,0.08619126,10.18254,2.8658595,-0.026267206,0.032375857,0.008552114,268.0,18.02,1.0
264,3.9,10.0,-0.7541734999999999,9.964667,2.2337902,-0.012217305,0.047036625,-0.007330383,269.0,17.23,1.0
265,3.9,8.0,-1.0127473,9.900024,1.541866,-0.00061086525,0.06291912,0.004886922,270.0,16.44,1.0
266,3.9,5.0,-2.1188686000000003,10.388441,0.94810385,0.008552114,0.059253927000000005,-0.00061086525,271.0,16.44,1.0
267,3.9,2.0,-1.1133038,9.895236,1.6567876,0.01038471,0.048258353,0.00061086525,272.0,16.55,1.0
268,4.0,359.0,-1.3838485,10.261548,0.770933,-0.004276057,0.051923547,-0.004276057,273.0,16.85,1.0
269,4.0,356.0,-0.6895300999999999,8.805874000000001,2.492364,-0.04520403,0.047647487,-0.023823743999999997,274.0,17.05,1.0
270,4.0,355.0,-0.7422025,8.966286,1.3479356000000002,0.057421334000000004,0.05681047,0.0012217305,275.0,17.33,1.0
271,4.0,351.0,-2.6862943,10.101137,2.2050598,-0.01282817,0.0720821,-0.018325957,276.0,17.73,1.0
272,4.0,348.0,-0.16759412,9.323022,2.4516625,0.0061086523,0.056199603,0.019547688,277.0,18.02,1.0
273,4.0,344.0,-2.6695349999999998,11.793838000000001,0.9983820999999999,0.0018325957999999999,0.04520403,0.004276057,278.0,18.41,1.0
274,4.0,342.0,-0.8571242,10.30225,2.2290018,0.02443461,0.047036625,0.021380282999999996,279.0,18.63,1.0
275,4.0,340.0,-0.7110779,9.320627,1.5825673,0.013439035,0.049480084,0.008552114,280.0,18.65,1.0
276,4.0,337.0,-1.079785,9.591172,1.3670892,0.03359759,0.037873644,0.012217305,281.0,18.55,1.0
277,4.0,334.0,-0.33039984,9.591172,1.4484920000000001,0.0030543262,0.026267206,0.017104227,282.0,18.359999,1.0
278,4.0,333.0,-1.0319009,9.710882000000002,1.6903063999999999,-0.025045475,0.030543262,0.0061086523,283.0,18.24,1.0
279,4.0,331.0,-0.7158663000000001,10.029311,2.3582888,0.004276057,0.009162978,0.002443461,284.0,18.109999,1.0
280,4.0,330.0,0.23463176,9.500193,0.9600749,-0.01038471,0.0,0.017104227,286.0,17.609999,1.0
281,4.0,330.0,0.40462008,8.645462,1.7405846,0.01160644,-0.00061086525,0.029932396,287.0,17.5,1.0
282,4.0,329.0,-0.9648633,9.150639,0.095768064,0.015882496,0.004276057,0.013439035,288.0,17.48,1.0
283,4.0,329.0,0.04070143,9.835381,1.0366893,0.026267206,0.002443461,-0.013439035,289.0,17.5,1.0
284,4.0,330.0,1.0893618,9.301474,-0.02633622,0.0,-0.004276057,-0.0012217305,290.0,17.63,1.0
285,4.0,330.0,0.6895300999999999,10.108319,2.1619642000000003,-0.009773844,-0.01038471,0.018325957,291.0,17.71,1.0
286,4.0,330.0,1.0319009,9.737217999999999,1.6208745,-0.005497787,0.0030543262,0.004886922,292.0,17.64,1.0
287,4.0,330.0,-0.22744916,10.3932295,2.1140802000000005,-0.008552114,-0.010995574,0.03604105,293.0,17.26,1.0
288,4.0,330.0,0.5386954,9.531317,1.7980455000000002,-0.03359759,0.0,-0.014049901000000002,294.0,16.75,1.0
289,4.0,330.0,-0.19871874,10.508151,1.5227122,0.004276057,-0.00061086525,-0.0061086523,295.0,16.69,1.0
290,4.0,330.0,0.6991069000000001,10.951078,1.8722657,0.0,0.004886922,0.0067195175,296.0,16.82,1.0
291,3.9,330.0,-0.5291186,10.654198,1.400608,0.0018325957999999999,0.01038471,-0.02443461,297.0,17.43,1.0
292,4.0,330.0,0.074220255,8.561666,-1.3623008,-0.021380282999999996,-0.004886922,0.0067195175,298.0,17.82,1.0
293,4.0,329.0,1.2785037000000001,11.408371,1.1085154,-0.050701816,-0.008552114,0.017104227,299.0,18.3,1.0
294,3.9,329.0,-0.40701428,7.5584945999999995,0.24420857,0.01038471,-0.005497787,0.00061086525,300.0,18.779999,1.0
295,4.0,330.0,-0.05746084,8.695741,1.5849615,-0.018936822,-0.007330383,-0.00061086525,301.0,19.41,1.0
296,4.0,330.0,0.50996494,9.813833,1.6376339,-0.0580322,-0.0061086523,-0.02565634,302.0,19.42,1.0
297,4.0,330.0,-0.62728083,9.576807,1.6136919,-0.020158553,-0.0012217305,0.009773844,303.0,19.16,1.0
298,5.0,330.0,0.5722142,9.828198,0.8738836,0.01038471,0.004276057,0.01038471,304.0,18.38,1.0
299,5.0,329.0,0.2657564,9.78989,3.169923,-0.004886922,0.008552114,-0.01038471,305.0,18.05,1.0
300,5.0,330.0,-0.5626374,10.160992,2.2984335,0.026267206,0.009773844,-0.004276057,306.0,17.84,1.0
301,6.0,329.0,1.1755531000000001,9.368511,3.6367924,0.031154128,0.014049901000000002,-0.03481932,307.0,16.8,1.0
302,6.0,329.0,0.44532153,9.184157,3.1028854999999997,-0.02565634,-0.005497787,0.027488936000000002,308.0,15.44,1.0
303,6.0,328.0,0.5746084,7.97748,1.2641385,-0.044593163,0.002443461,-0.01160644,309.0,13.4,1.0
304,7.0,327.0,0.6727706999999999,9.057265,2.6671407000000005,0.017104227,-0.0036651915999999997,0.013439035,310.0,10.55,1.0
305,6.0,325.0,-0.59136784,9.550469999999999,1.5945383,-0.004886922,-0.0012217305,-0.0018325957999999999,311.0,8.8,1.0
306,6.0,328.0,-0.37828386,10.113108,2.3008277,-0.026267206,0.0036651915999999997,0.007330383,312.0,7.23,1.0
307,6.0,329.0,0.13168110000000002,9.516952,0.9911995000000001,0.0018325957999999999,-0.004886922,0.004276057,313.0,6.5099998,1.0
308,6.0,330.0,0.26815059999999996,9.583989,0.8882488000000002,0.004886922,-0.002443461,-0.007941248,314.0,6.3399997,1.0
309,5.0,327.0,-0.14844051,10.053253,1.5059528,-0.0018325957999999999,0.0012217305,0.007941248,315.0,5.97,1.0
310,5.0,327.0,0.5410896,9.241617999999999,1.3670892,0.008552114,0.004886922,-0.004276057,316.0,5.8799996,1.0
311,5.0,328.0,0.59136784,9.677363,1.6879122,0.01160644,-0.0012217305,0.032375857,317.0,5.7799997,1.0
312,6.0,328.0,0.5434838000000001,9.461885,1.1899183,0.008552114,0.0,0.012217305,318.0,5.49,1.0
313,5.0,328.0,-0.272939,9.974244,-0.78290397,0.01038471,-0.13072516,-0.016493361,319.0,5.31,1.0
314,6.0,334.0,-0.5530606,9.993398,0.39983168,0.0,-0.016493361,-0.028710667000000002,320.0,5.08,1.0
315,5.0,342.0,-0.9624690999999999,9.349358,1.0342950999999998,0.0036651915999999997,0.08368854,0.015271631,321.0,6.7799997,1.0
316,5.375,0.0,-0.023942016,9.323022,1.3718776000000001,0.01038471,0.028710667000000002,-0.01282817,322.0,-1.0,1.0
317,5.0,328.0,-0.12449849,9.531317,1.8004397,-0.004886922,0.015271631,0.00061086525,324.0,6.8799996,1.0
318,4.0,328.0,0.05267244,9.3733,2.4684220000000003,-0.021991148999999998,0.010995574,0.00061086525,325.0,6.58,1.0
319,4.0,329.0,0.110133275,9.832987,2.2122424,0.004276057,-0.0018325957999999999,-0.005497787,326.0,6.02,1.0
320,4.0,327.0,0.19153613,9.600749,2.2050598,-0.002443461,0.0,0.004886922,327.0,4.2,1.0
321,3.725,328.0,0.47165772,9.516952,2.3870192,0.0018325957999999999,-0.0061086523,0.0067195175,328.0,3.6699998,1.0
322,3.412,327.0,-0.050278235,9.751583,1.8004397,0.01160644,0.0067195175,-0.017104227,329.0,2.69,1.0
323,3.155,327.0,0.17238252,9.624691,1.7310078000000002,0.0012217305,0.0012217305,0.0012217305,330.0,1.24,1.0
324,3.0,326.0,0.21068975,9.751583,1.8076223000000002,0.0018325957999999999,-0.00061086525,0.002443461,331.0,0.82,1.0
325,3.0,326.0,-0.02873042,9.610325999999999,1.3479356000000002,0.004276057,-0.0012217305,0.0012217305,332.0,0.58,1.0
326,3.0,325.0,-0.02873042,9.830592,1.3144168,0.00061086525,0.0030543262,-0.00061086525,333.0,0.17999999,1.0
327,3.0,0.0,-0.007182605,9.775525,1.1875241,-0.002443461,0.00061086525,0.0018325957999999999,334.0,0.0,1.0
328,3.0,0.0,-0.06464344,9.768343,1.2545617,0.0,0.004276057,0.0012217305,335.0,0.0,1.0
329,3.0,0.0,-0.007182605,9.782708,1.2258313,-0.0012217305,0.00061086525,0.00061086525,336.0,0.0,1.0
330,3.0,0.0,-0.04309563,9.825804,1.2952632,0.00061086525,0.0018325957999999999,0.0018325957999999999,337.0,0.0,1.0
331,3.0,0.0,-0.033518825,9.80665,1.2593501,0.0012217305,0.0030543262,0.00061086525,338.0,0.0,1.0
332,3.0,0.0,-0.047884032,9.792285000000001,1.2162545,0.0012217305,0.0012217305,0.0012217305,339.0,0.0,1.0
333,3.0,0.0,-0.01436521,9.758766,1.1899183,0.00061086525,0.0030543262,-0.00061086525,340.0,0.0,1.0
334,3.0,0.0,-0.023942016,9.801862,1.2473791,0.0,0.0012217305,-0.0018325957999999999,341.0,0.0,1.0
335,4.0,0.0,-0.019153614,9.794678999999999,1.2378023,0.0,0.00061086525,0.0018325957999999999,342.0,0.0,1.0
336,3.32,0.0,-0.074220255,9.77792,1.2306197,0.002443461,0.0018325957999999999,-0.0012217305,343.0,0.0,1.0
337,3.0,0.0,-0.031124622,9.797073,1.2737153,0.0012217305,-0.00061086525,0.0012217305,344.0,0.0,1.0
338,3.0,0.0,-0.038307227,9.828198,1.2162545,0.0,0.0018325957999999999,0.0,345.0,0.0,1.0
339,3.0,0.0,-0.055066638,9.77792,1.283292,0.00061086525,0.0012217305,0.0,346.0,0.0,1.0
340,3.0,0.0,-0.019153614,9.727641,1.2737153,-0.0018325957999999999,0.00061086525,0.0,347.0,0.0,1.0
341,3.0,0.0,-0.0023942017,9.768343,1.2018893,-0.00061086525,0.0012217305,0.0,348.0,0.0,1.0
342,3.0,0.0,-0.009576807,9.785102,1.0534488000000002,-0.00061086525,0.0018325957999999999,0.00061086525,349.0,0.0,1.0
343,3.0,0.0,-0.04309563,9.765948,1.2282255,-0.00061086525,0.0012217305,0.00061086525,350.0,0.0,1.0
344,3.0,0.0,-0.04070143,9.751583,1.1324573999999998,0.0,-0.0018325957999999999,0.0,351.0,0.0,1.0
345,3.0,0.0,-0.019153614,9.785102,1.1971009,0.00061086525,0.0012217305,-0.00061086525,352.0,0.0,1.0
346,3.0,0.0,-0.0023942017,9.828198,1.2282255,0.00061086525,-0.0018325957999999999,-0.00061086525,353.0,0.0,1.0
347,3.0,0.0,0.0047884034,9.744401,1.2162545,0.0,-0.0012217305,0.0,354.0,0.0,1.0
348,3.0,0.0,-0.009576807,9.813833,1.2042834999999998,0.0012217305,0.0018325957999999999,-0.0012217305,355.0,0.0,1.0
349,3.0,0.0,-0.12689269,9.78989,1.0390834999999998,0.0030543262,-0.002443461,-0.004886922,356.0,0.0,1.0
350,3.0,0.0,-0.15322891,9.830592,0.8379706,-0.0030543262,0.0067195175,0.0012217305,357.0,0.0,1.0
351,3.0,0.0,0.079008654,9.773131,1.2737153,0.00061086525,0.0,-0.004276057,358.0,0.0,1.0
352,3.0,0.0,-0.6871359,10.000581,-0.37828386,0.01038471,0.0061086523,-0.0036651915999999997,359.0,0.0,1.0
353,3.0,329.0,-0.7278373,10.024523,-0.8643068000000002,0.002443461,0.010995574,0.0061086523,360.0,0.94,1.0
354,3.3569999999999998,325.0,-0.89782566,9.260772,-2.2984335,0.012217305,0.005497787,-0.03176499,361.0,3.24,1.0
355,4.0,327.0,-0.36631286,10.115502000000001,0.78050977,-0.030543262,-0.02565634,0.0061086523,362.0,5.5299997,1.0
356,3.9,329.0,-0.06464344,9.481038999999999,0.29927522,-0.015271631,-0.0061086523,-0.005497787,363.0,7.02,1.0
357,3.9,330.0,-0.6799533,10.180145,0.7637503000000001,-0.03604105,-0.002443461,0.004276057,364.0,7.83,1.0
358,3.9,330.0,-0.8283938,9.485827,0.1604115,-0.032375857,0.009773844,0.015882496,365.0,8.29,1.0
359,3.9,329.0,-1.1707646999999999,10.381259,0.39983168,0.021991148999999998,0.007941248,-0.0067195175,366.0,9.04,1.0
360,3.9,329.0,0.90500826,9.981427,2.4947581000000003,-0.032986722999999996,-0.0067195175,0.02321288,367.0,9.78,1.0
361,3.9,329.0,-0.37349546,9.883265,1.2569559,0.0030543262,0.01160644,0.007941248,368.0,10.36,1.0
362,3.9,329.0,0.12689269,10.086772,0.79726917,0.020158553,0.03359759,-0.007941248,369.0,10.24,1.0
363,3.9,328.0,-0.45968673,10.407595,1.8339584999999998,-0.00061086525,0.002443461,-0.007330383,370.0,10.57,1.0
364,3.9,327.0,0.009576807,10.120291,1.7693150000000002,-0.01038471,-0.01160644,-0.00061086525,371.0,11.01,1.0
365,3.9,328.0,0.5363011999999999,10.218452000000001,2.0709844,-0.007330383,0.002443461,-0.010995574,372.0,10.34,1.0
366,3.9,329.0,-0.39025488,10.16578,2.2313959999999997,0.002443461,-0.0018325957999999999,0.005497787,373.0,9.099999,1.0
367,3.9,328.0,-0.47165772,9.646238,2.2840683,0.0,0.054367005999999996,-0.0018325957999999999,374.0,7.95,1.0
368,3.9,327.0,-0.40701428,10.220847000000001,2.6360161,-0.0036651915999999997,0.06658431,0.009162978,375.0,7.45,1.0
369,3.9,323.0,0.93134445,9.26556,2.1787236,0.002443461,-0.0061086523,-0.0018325957999999999,376.0,6.08,1.0
370,3.9,320.0,0.11731588,9.727641,2.0231004,0.01038471,-0.036651913,-0.014660766,377.0,4.04,1.0
371,3.529,323.0,0.25139117,9.809045,1.9201498,-0.004276057,-0.015271631,0.015271631,378.0,2.71,1.0
372,3.2539999999999996,324.0,0.06943185,9.787497,1.6998832,-0.009162978,-0.0067195175,-0.0018325957999999999,379.0,1.76,1.0
373,3.0,326.0,0.13168110000000002,9.674969,2.0518308000000003,0.014660766,-0.005497787,-0.014049901000000002,380.0,0.85999995,1.0
374,3.0,327.0,-0.16519992,9.82341,0.94570965,-0.0012217305,-0.002443461,-0.00061086525,381.0,0.65,1.0
375,3.0,328.0,-0.1412579,9.765948,1.0175357,0.0,-0.004276057,0.00061086525,382.0,0.11,1.0
376,3.0,0.0,-0.17956513,9.792285000000001,0.9720459000000001,-0.00061086525,0.0012217305,-0.002443461,383.0,0.0,1.0
377,3.0,0.0,-0.1364695,9.854534,0.92655605,0.00061086525,0.0030543262,0.0,384.0,0.0,1.0
378,3.0,0.0,-0.22744916,9.888053,1.0199299000000002,0.0018325957999999999,-0.0012217305,-0.00061086525,385.0,0.0,1.0
379,3.0,0.0,-0.31603462,9.842564,0.81402856,0.004886922,0.007330383,-0.002443461,386.0,0.0,1.0
380,3.0,0.0,-0.19632454,9.792285000000001,0.8595184000000001,0.00061086525,-0.0036651915999999997,0.0018325957999999999,387.0,0.0,1.0
381,3.0,0.0,0.0023942017,9.710882000000002,1.2976573999999998,-0.0030543262,-0.0036651915999999997,-0.0030543262,388.0,0.0,1.0
382,3.0,0.0,-0.15562311,9.78989,1.1372458,-0.0018325957999999999,0.0036651915999999997,0.0,389.0,0.0,1.0
383,3.0,0.0,-0.13407529999999998,9.7563715,0.7445967,0.00061086525,-0.0012217305,0.0,390.0,0.0,1.0
384,3.0,0.0,-0.1388637,9.856929,1.0271125,0.00061086525,0.0012217305,0.0018325957999999999,391.0,0.0,1.0
385,3.0,0.0,-0.1388637,9.799467,0.94570965,-0.00061086525,-0.0012217305,-0.00061086525,392.0,0.0,1.0
386,3.0,0.0,-0.15322891,9.749189,0.8451531999999999,-0.0012217305,0.00061086525,-0.0012217305,393.0,0.0,1.0
387,3.0,0.0,-0.15083471,9.900024,1.091756,0.00061086525,0.0012217305,0.00061086525,394.0,0.0,1.0
388,3.0,0.0,-0.16280572,9.873688000000001,1.1037270000000001,0.0030543262,0.0012217305,-0.0018325957999999999,395.0,0.0,1.0
389,3.0,0.0,-0.23702596,9.868899,1.0366893,0.0030543262,0.004276057,-0.00061086525,396.0,0.0,1.0
390,3.0,0.0,-0.17477672,9.856929,1.163582,0.0,0.0018325957999999999,-0.00061086525,397.0,0.0,1.0
391,3.0,0.0,-0.11492168,9.782708,0.92895025,0.0,0.0030543262,0.0012217305,398.0,0.0,1.0
392,3.0,0.0,-0.1604115,9.883265,1.2018893,0.0012217305,0.0012217305,0.0018325957999999999,399.0,0.0,1.0
393,3.0,0.0,-0.17238252,9.859323,1.0606314,0.00061086525,0.004276057,-0.0018325957999999999,400.0,0.0,1.0
394,3.0,0.0,-0.14844051,9.785102,0.9696517,-0.0018325957999999999,0.00061086525,0.0018325957999999999,401.0,0.0,1.0
395,4.0,0.0,-0.15083471,9.718064,0.8786719999999999,-0.00061086525,0.0018325957999999999,0.0,402.0,0.0,1.0
396,3.32,0.0,-0.1388637,9.782708,0.9983820999999999,-0.0012217305,0.00061086525,0.00061086525,403.0,0.0,1.0
397,3.0,0.0,-0.13168110000000002,9.742006,0.8595184000000001,-0.002443461,-0.00061086525,-0.0012217305,404.0,0.0,1.0
398,3.0,0.0,-0.15083471,9.773131,0.92655605,-0.00061086525,-0.0018325957999999999,-0.0018325957999999999,405.0,0.0,1.0
399,3.0,0.0,-0.02873042,9.902417999999999,0.7565677,-0.004276057,-0.014660766,0.007330383,406.0,0.0,1.0
400,3.0,0.0,-0.11252748,9.844957,0.6751649000000001,-0.00061086525,-0.004886922,0.004276057,407.0,0.0,1.0
401,3.0,0.0,-0.05267244,9.730036,1.2689268999999999,-0.0012217305,-0.0030543262,0.00061086525,408.0,0.0,1.0
402,3.0,0.0,-0.22266077,9.931149000000001,0.7134720999999999,0.0012217305,0.0030543262,0.004276057,409.0,0.0,1.0
403,3.0,0.0,-0.19871874,9.890448,1.0821792,0.00061086525,0.002443461,0.0,410.0,0.0,1.0
404,3.0,0.0,-0.13407529999999998,9.797073,0.8619126,-0.00061086525,-0.00061086525,0.0,411.0,0.0,1.0
405,3.0,0.0,-0.13407529999999998,9.849746000000001,1.0247183000000002,0.0012217305,0.0012217305,0.00061086525,412.0,0.0,1.0
406,3.0,0.0,-0.13407529999999998,9.821015,1.0055646999999999,0.00061086525,0.00061086525,-0.00061086525,413.0,0.0,1.0
407,3.0,0.0,-0.12210429,9.821015,0.8571242,-0.002443461,-0.00061086525,-0.00061086525,414.0,0.0,1.0
408,3.0,0.0,-0.12449849,9.797073,0.90021986,0.0030543262,0.002443461,0.002443461,415.0,0.0,1.0
409,3.0,0.0,-0.16519992,9.828198,1.0366893,0.0012217305,0.002443461,-0.0012217305,416.0,0.0,1.0
410,3.0,0.0,-0.12210429,9.753978,0.7206547,-0.00061086525,0.0018325957999999999,0.00061086525,417.0,0.0,1.0
411,3.0,0.0,-0.16519992,9.849746000000001,1.0342950999999998,0.0030543262,0.0036651915999999997,0.0,418.0,0.0,1.0
412,3.0,0.0,-0.20350714,9.830592,1.0702082,0.002443461,0.0030543262,-0.0012217305,419.0,0.0,1.0
413,3.0,0.0,-0.16519992,9.835381,1.0223241,0.00061086525,0.00061086525,0.0,420.0,0.0,1.0
414,3.0,0.0,-0.23942018,9.883265,0.9624690999999999,0.0012217305,0.00061086525,-0.0018325957999999999,421.0,0.0,1.0
415,3.0,0.0,-0.12928689,9.842564,0.830788,-0.0036651915999999997,-0.0036651915999999997,0.0,422.0,0.0,1.0
416,3.0,0.0,-0.10534488,9.794678999999999,1.163582,-0.0036651915999999997,-0.004276057,0.0061086523,423.0,0.0,1.0
417,3.0,0.0,-0.14844051,9.797073,1.2066777,0.00061086525,-0.0036651915999999997,-0.0012217305,424.0,0.0,1.0
418,3.0,0.0,-0.22505496,9.751583,0.9720459000000001,-0.0012217305,0.0018325957999999999,0.0018325957999999999,425.0,0.0,1.0
419,3.0,0.0,-0.14844051,9.832987,0.7158663000000001,0.0012217305,-0.004276057,-0.0067195175,426.0,0.0,1.0
420,3.0,0.0,-0.6679823,10.0341,-0.33039984,0.026267206,0.002443461,-0.014049901000000002,427.0,0.0,1.0
421,3.0,0.0,-0.80924016,10.342952,-0.62967503,0.00061086525,-0.021380282999999996,-0.014049901000000002,428.0,0.0,1.0
422,3.0010000000000003,330.0,0.107739076,9.998186,-0.48602295,-0.029932396,-0.07819075,0.03726278,429.0,2.24,1.0
423,4.0,329.0,-0.90979666,9.89763,-0.39983168,-0.0018325957999999999,0.00061086525,-0.032986722999999996,430.0,4.13,1.0
424,4.0,330.0,-0.24181437,10.673351,1.2234371000000002,-0.016493361,0.0018325957999999999,0.01038471,431.0,5.37,1.0
425,3.9,330.0,-1.1324573999999998,10.237606,0.035913024,0.0012217305,0.010995574,0.00061086525,432.0,6.44,1.0
426,3.9,330.0,-1.1228806,11.154586,1.3551182,-0.021991148999999998,0.019547688,0.014049901000000002,433.0,7.79,1.0
427,3.9,329.0,0.21787235,10.955867,0.47884035,-0.039095376,0.0018325957999999999,0.018936822,434.0,8.929999,1.0
428,3.9,328.0,-0.4285621,9.68694,0.641646,0.0030543262,-0.0018325957999999999,0.0067195175,435.0,9.679999,1.0
429,3.9,329.0,0.1388637,9.478644000000001,0.05267244,-0.043982297000000004,-0.0012217305,-0.018325957,436.0,9.719999000000001,1.0
430,3.9,329.0,-0.7038953,9.679757,0.81402856,0.018936822,-0.007941248,0.01038471,437.0,9.73,1.0
431,3.9,329.0,-0.7733272,9.799467,1.0893618,0.027488936000000002,-0.00061086525,-0.03604105,438.0,9.71,1.0
432,3.9,330.0,-0.7015011,10.520123,0.8643068000000002,-0.0012217305,-0.01038471,0.029321532999999997,439.0,9.8,1.0
433,3.9,330.0,1.0414777,9.983821,1.5993267,-0.01160644,-0.028099801,0.035430185,440.0,9.69,1.0
434,3.9,331.0,-0.1604115,10.737994,0.90979666,0.0061086523,0.0012217305,-0.01160644,441.0,9.49,1.0
435,3.9,332.0,0.24420857,9.998186,1.2066777,-0.016493361,-0.012217305,-0.01038471,442.0,9.32,1.0
436,3.9,332.0,-0.36391866,10.141838,1.1587936,0.015882496,-0.015882496,-0.018936822,443.0,9.12,1.0
437,4.0,333.0,-1.2473791,10.378864,1.0965444,-0.018325957,-0.02443461,-0.0036651915999999997,444.0,9.08,1.0
438,4.0,333.0,-1.1707646999999999,10.34774,0.9744401,0.05131268,0.021991148999999998,-0.07574729,445.0,9.08,1.0
439,4.0,335.0,-0.82121116,9.31105,0.51235914,-0.02443461,0.030543262,0.005497787,446.0,9.32,1.0
440,4.0,338.0,-0.49081135,9.770736999999999,1.7525556,-0.045814894,-0.01038471,0.044593163,447.0,9.57,1.0
441,4.0,338.0,-0.32561144,10.34774,1.9464860000000002,0.009773844,0.013439035,0.0030543262,448.0,9.559999000000001,1.0
442,5.0,335.0,-0.37349546,9.68694,1.6519991000000003,-0.0061086523,0.0067195175,-0.018936822,449.0,9.65,1.0
443,5.0,334.0,-0.10055647,9.380483,1.6687585999999999,0.015271631,0.0,-0.014049901000000002,450.0,9.469999000000001,1.0
444,4.0,334.0,-0.34237084,9.787497,1.7764976000000003,-0.007941248,-0.009773844,-0.0030543262,451.0,8.97,1.0
445,5.0,335.0,-0.11731588,9.895236,1.9560628,-0.025045475,-0.021991148999999998,0.004886922,452.0,8.9,1.0
446,5.0,340.0,0.19153613,9.624691,2.2625206,-0.020158553,-0.007941248,-0.06963864,453.0,7.77,1.0
447,6.0,342.0,0.12689269,9.600749,2.8419175,0.004886922,-0.032375857,-0.009162978,454.0,6.79,1.0
448,5.0,345.0,-0.15083471,9.564836,3.1387985,0.017715093,-0.015882496,0.0012217305,455.0,4.98,1.0
449,3.96,348.0,0.0047884034,9.557653,2.5617957000000002,0.0030543262,0.00061086525,-0.0012217305,456.0,3.8,1.0
450,3.4619999999999997,348.0,-0.16998832,9.52174,2.183512,0.007941248,-0.005497787,-0.016493361,457.0,1.8499999,1.0
451,3.11,351.0,-0.59376204,9.847352,0.82121116,0.014049901000000002,-0.00061086525,-0.0061086523,458.0,0.71999997,1.0
452,3.1039999999999996,352.0,-0.44532153,9.792285000000001,1.2641385,0.0,0.0012217305,-0.00061086525,459.0,0.17999999,1.0
453,3.096,0.0,-0.41180268,9.730036,1.2378023,0.0018325957999999999,0.0012217305,-0.0018325957999999999,460.0,0.0,1.0
454,3.09,0.0,-0.34955344,9.737217999999999,1.2521674999999999,-0.00061086525,0.00061086525,0.00061086525,461.0,0.0,1.0
455,3.0,0.0,-0.45968673,9.753978,1.5658079,0.00061086525,0.00061086525,0.0,462.0,0.0,1.0
456,3.0,0.0,-0.4309563,9.801862,1.5346833,0.0,0.0,-0.0012217305,463.0,0.0,1.0
457,3.0,0.0,-0.4189853,9.655814999999999,1.1875241,-0.0018325957999999999,0.0,0.0,464.0,0.0,1.0
458,3.0,0.0,-0.40222588,9.646238,1.1348516000000002,-0.0012217305,0.0012217305,-0.0012217305,465.0,0.0,1.0
459,3.0,0.0,-0.4429273,9.782708,1.3814543,0.0,0.0012217305,-0.00061086525,466.0,0.0,1.0
460,3.0,0.0,-0.4309563,9.720459,1.3910311000000002,-0.00061086525,0.0,-0.00061086525,467.0,0.0,1.0
461,3.0,0.0,-0.42377370000000003,9.689333999999999,1.3383588,0.0012217305,0.0018325957999999999,-0.0012217305,468.0,0.0,1.0
462,3.0,0.0,-0.40701428,9.722853,1.3311761999999998,0.0,-0.00061086525,0.0,469.0,0.0,1.0
463,3.0,0.0,-0.42377370000000003,9.751583,1.2856863,-0.002443461,0.00061086525,-0.00061086525,470.0,0.0,1.0
464,3.0,0.0,-0.4285621,9.763555,1.400608,0.00061086525,0.0030543262,0.0,471.0,0.0,1.0
465,3.0,0.0,-0.4141969,9.76116,1.4413095,-0.00061086525,-0.002443461,-0.0012217305,472.0,0.0,1.0
466,3.0,0.0,-0.4213795,9.785102,1.364695,-0.0012217305,-0.00061086525,-0.00061086525,473.0,0.0,1.0
467,3.0,0.0,-0.4309563,9.653421,1.2042834999999998,-0.0018325957999999999,0.0018325957999999999,0.0012217305,474.0,0.0,1.0
468,3.0,0.0,-0.4429273,9.751583,1.3958195,0.00061086525,0.00061086525,-0.0012217305,475.0,0.0,1.0
469,3.0,0.0,-0.4213795,9.727641,1.3263878,0.0012217305,-0.00061086525,-0.0012217305,476.0,0.0,1.0
470,3.0,0.0,-0.46686932,9.737217999999999,1.4508862,0.0,0.0012217305,-0.0012217305,477.0,0.0,1.0
471,3.0,0.0,-0.45250413,9.689333999999999,1.3311761999999998,0.0012217305,0.0012217305,-0.0012217305,478.0,0.0,1.0
472,3.0,0.0,-0.45010993,9.849746000000001,1.6017209,0.0,0.0012217305,-0.002443461,479.0,0.0,1.0
473,3.0,0.0,-0.4141969,9.76116,1.3503298000000001,-0.0012217305,0.00061086525,0.00061086525,480.0,0.0,1.0
474,3.0,0.0,-0.44771573,9.713275999999999,1.364695,-0.00061086525,0.0036651915999999997,-0.00061086525,481.0,0.0,1.0
475,3.0,0.0,-0.40940848,9.727641,1.328782,-0.0018325957999999999,0.0,-0.0012217305,482.0,0.0,1.0
476,3.0,0.0,-0.40222588,9.775525,1.4389153000000001,0.0,-0.0018325957999999999,0.0,483.0,0.0,1.0
477,3.0,0.0,-0.4429273,9.713275999999999,1.3862427,-0.00061086525,-0.00061086525,0.0,484.0,0.0,1.0
478,3.0,0.0,-0.45010993,9.710882000000002,1.412579,0.0,-0.0012217305,0.00061086525,485.0,0.0,1.0
479,3.0,0.0,-0.40701428,9.7803135,1.3335704,-0.0012217305,0.002443461,0.00061086525,486.0,0.0,1.0
480,3.0,0.0,-0.47405192,9.665392,1.2952632,-0.0018325957999999999,0.00061086525,-0.0018325957999999999,487.0,0.0,1.0
481,3.0,0.0,-0.4333505,9.792285000000001,1.685518,0.00061086525,-0.00061086525,0.0,488.0,0.0,1.0
482,3.0,0.0,-0.4357447,9.758766,1.4484920000000001,0.00061086525,0.0030543262,0.0,489.0,0.0,1.0
483,3.0,0.0,-0.4261679,9.689333999999999,1.3144168,-0.0012217305,0.0012217305,-0.00061086525,490.0,0.0,1.0
484,3.0,0.0,-0.46686932,9.722853,1.4197617,-0.00061086525,0.0,-0.0012217305,491.0,0.0,1.0
485,3.0,0.0,-0.46926352,9.792285000000001,1.9536686,0.00061086525,0.00061086525,-0.00061086525,492.0,0.0,1.0
486,3.0,0.0,-0.4261679,9.7324295,1.3503298000000001,0.0012217305,0.00061086525,0.0012217305,493.0,0.0,1.0
487,3.0,0.0,-0.4213795,9.751583,1.3024458,0.00061086525,0.00061086525,0.0,494.0,0.0,1.0
488,3.0,0.0,-0.47405192,9.725247,1.4341268999999999,0.00061086525,0.002443461,0.0,495.0,0.0,1.0
489,3.0,0.0,-0.4357447,9.734824,1.400608,-0.00061086525,0.0,-0.00061086525,496.0,0.0,1.0
490,3.0,0.0,-0.42377370000000003,9.739613,1.3263878,0.0012217305,0.00061086525,0.00061086525,497.0,0.0,1.0
491,3.0,0.0,-0.4429273,9.6845455,1.2330139,-0.0012217305,0.002443461,-0.00061086525,498.0,0.0,1.0
492,3.0,0.0,-0.4333505,9.753978,1.3455413999999999,-0.002443461,-0.00061086525,0.00061086525,499.0,0.0,1.0
493,3.0,0.0,-0.37110126,9.763555,1.2952632,-0.00061086525,-0.00061086525,0.0,500.0,0.0,1.0
494,3.0,0.0,-0.42377370000000003,9.744401,1.3886370000000001,-0.0018325957999999999,-0.0018325957999999999,0.00061086525,501.0,0.0,1.0
495,3.0,0.0,-0.42377370000000003,9.770736999999999,1.3982137,0.00061086525,0.0,0.0,502.0,0.0,1.0
496,3.0,0.0,-0.47644615,9.737217999999999,1.340753,-0.0012217305,-0.0012217305,-0.008552114,503.0,0.0,1.0
497,3.0,0.0,-0.47165772,9.77792,1.340753,-0.00061086525,0.0030543262,0.0012217305,504.0,0.0,1.0
498,3.0,0.0,-0.32321724,9.722853,1.4053963,-0.004276057,-0.028099801,0.02443461,505.0,0.0,1.0
499,3.0,0.0,-0.33039984,9.662998,1.2521674999999999,0.002443461,0.0018325957999999999,-0.005497787,506.0,0.0,1.0
500,3.0,0.0,-0.4165911,9.775525,1.4508862,0.0,-0.0030543262,-0.0030543262,507.0,0.0,1.0
501,3.0,0.0,-0.40222588,9.739613,1.3790601,-0.0030543262,-0.00061086525,0.00061086525,508.0,0.0,1.0
502,3.0,0.0,-0.40940848,9.765948,1.3718776000000001,0.0,-0.00061086525,0.0012217305,509.0,0.0,1.0
503,3.0,0.0,-0.40940848,9.7563715,1.3503298000000001,-0.002443461,-0.0018325957999999999,0.00061086525,510.0,0.0,1.0
504,3.0,0.0,-0.40701428,9.742006,1.4077905000000002,-0.0018325957999999999,0.0012217305,0.00061086525,511.0,0.0,1.0
505,3.0,0.0,-0.4165911,9.768343,1.3383588,0.00061086525,-0.00061086525,0.0,512.0,0.0,1.0
506,3.0,0.0,-0.46208093,9.737217999999999,1.3982137,0.0,0.0036651915999999997,-0.00061086525,513.0,0.0,1.0
507,3.0,0.0,-0.4405331,9.78989,1.3718776000000001,0.00061086525,0.0012217305,-0.0012217305,514.0,0.0,1.0
508,3.0,0.0,-0.4429273,9.813833,1.5107412,0.0018325957999999999,-0.0018325957999999999,-0.0018325957999999999,515.0,0.0,1.0
509,3.0,0.0,-0.44771573,9.749189,1.3599066,-0.0018325957999999999,-0.0012217305,0.00061086525,516.0,0.0,1.0
510,3.0,0.0,-0.44532153,9.730036,1.3239936,-0.0030543262,0.0012217305,-0.0012217305,517.0,0.0,1.0
511,3.0,0.0,-0.4213795,9.746795,1.3479356000000002,-0.00061086525,0.0018325957999999999,-0.00061086525,518.0,0.0,1.0
512,3.0,0.0,-0.4429273,9.7563715,1.352724,0.00061086525,0.0012217305,-0.00061086525,519.0,0.0,1.0
513,3.0,0.0,-0.4165911,9.751583,1.4389153000000001,-0.00061086525,-0.00061086525,-0.0018325957999999999,520.0,0.0,1.0
514,3.0,0.0,-0.46208093,9.758766,1.3239936,0.00061086525,0.00061086525,0.0,521.0,0.0,1.0
515,3.0,0.0,-0.4261679,9.746795,1.3575124,-0.00061086525,0.0,0.0,522.0,0.0,1.0
516,3.0,0.0,-0.4285621,9.794678999999999,1.4580688,0.0,0.0012217305,0.00061086525,523.0,0.0,1.0
517,3.0,0.0,-0.46447513,9.763555,1.4053963,-0.0012217305,0.0012217305,-0.002443461,524.0,0.0,1.0
518,3.0,0.0,-0.4405331,9.76116,1.3742718,0.0,0.0030543262,0.0,525.0,0.0,1.0
519,3.0,0.0,-0.42377370000000003,9.768343,1.3982137,-0.0012217305,-0.0018325957999999999,0.0,526.0,0.0,1.0
520,3.0,0.0,-0.4309563,9.77792,1.3886370000000001,-0.00061086525,0.0,-0.0012217305,527.0,0.0,1.0
521,3.0,0.0,-0.4429273,9.763555,1.4077905000000002,-0.0018325957999999999,0.0012217305,-0.00061086525,528.0,0.0,1.0
522,3.0,0.0,-0.42377370000000003,9.765948,1.4317327,0.0,-0.00061086525,0.0,529.0,0.0,1.0
523,3.0,0.0,-0.4285621,9.785102,1.364695,-0.0012217305,0.0012217305,0.0,530.0,0.0,1.0
524,3.0,0.0,-0.45250413,9.76116,1.3431472,0.0012217305,0.0,-0.0018325957999999999,531.0,0.0,1.0
525,3.0,0.0,-0.44532153,9.749189,1.3718776000000001,0.0012217305,0.00061086525,-0.0018325957999999999,532.0,0.0,1.0
526,3.0,0.0,-0.4261679,9.742006,1.3838485,0.0,0.00061086525,0.0,533.0,0.0,1.0
527,3.0,0.0,-0.4381389,9.758766,1.400608,-0.0018325957999999999,0.0012217305,0.0,534.0,0.0,1.0
528,3.0,0.0,-0.4285621,9.7563715,1.4030021000000001,-0.0012217305,-0.00061086525,-0.0012217305,535.0,0.0,1.0
529,3.0,0.0,-0.4261679,9.758766,1.3862427,0.00061086525,0.0,-0.00061086525,536.0,0.0,1.0
530,3.0,0.0,-0.4333505,9.77792,1.3910311000000002,0.00061086525,0.0012217305,-0.00061086525,537.0,0.0,1.0
531,3.0,0.0,-0.4309563,9.749189,1.3814543,-0.00061086525,0.00061086525,-0.00061086525,538.0,0.0,1.0
532,3.0,0.0,-0.42377370000000003,9.765948,1.4030021000000001,0.0,0.0,0.0,539.0,0.0,1.0
533,3.0,0.0,-0.5363011999999999,9.816227,1.271321,0.0030543262,0.009773844,-0.00061086525,540.0,0.0,1.0
534,3.0,0.0,-0.36152446,9.737217999999999,1.3599066,-0.004276057,-0.002443461,0.0067195175,541.0,0.0,1.0
535,3.0,0.0,-0.4285621,9.698911,1.4077905000000002,-0.00061086525,-0.004886922,0.0,542.0,0.0,1.0
536,3.0,0.0,-0.4213795,9.768343,1.3886370000000001,-0.0012217305,0.0012217305,0.0,543.0,0.0,1.0
537,3.0,0.0,-0.42377370000000003,9.746795,1.340753,-0.00061086525,-0.00061086525,-0.00061086525,544.0,0.0,1.0
538,3.0,0.0,-0.4213795,9.742006,1.3575124,-0.00061086525,-0.004886922,-0.0036651915999999997,545.0,0.0,1.0
539,3.0,0.0,-0.4381389,9.725247,1.4173675,-0.00061086525,0.0061086523,0.0,546.0,0.0,1.0
540,3.0,0.0,-0.45729253,9.737217999999999,1.3479356000000002,0.00061086525,0.007330383,0.0018325957999999999,547.0,0.0,1.0
541,3.0,0.0,-0.4381389,9.744401,1.3120226000000001,0.0,0.0012217305,0.0018325957999999999,548.0,0.0,1.0
542,3.0,0.0,-0.4189853,9.753978,1.3359646,-0.0012217305,-0.005497787,-0.0018325957999999999,549.0,0.0,1.0
543,3.0,0.0,-0.4189853,9.742006,1.4269443000000002,-0.0018325957999999999,-0.0036651915999999997,-0.0018325957999999999,550.0,0.0,1.0
544,3.0,0.0,-0.4285621,9.746795,1.3814543,-0.00061086525,0.0036651915999999997,0.00061086525,551.0,0.0,1.0
545,3.0,0.0,-0.4189853,9.770736999999999,1.3120226000000001,-0.002443461,-0.0030543262,-0.00061086525,552.0,0.0,1.0
546,3.0,0.0,-0.4429273,9.746795,1.4077905000000002,0.00061086525,0.004276057,0.00061086525,553.0,0.0,1.0
547,3.0,0.0,-0.4165911,9.737217999999999,1.4030021000000001,-0.00061086525,-0.00061086525,-0.0012217305,554.0,0.0,1.0
548,3.0,0.0,-0.45729253,9.753978,1.3359646,-0.0012217305,-0.0018325957999999999,0.0,555.0,0.0,1.0
549,3.0,0.0,-0.41180268,9.768343,1.2904748,-0.00061086525,-0.0036651915999999997,0.0,556.0,0.0,1.0
550,3.0,0.0,-0.4213795,9.7563715,1.4413095,-0.00061086525,-0.004886922,-0.00061086525,557.0,0.0,1.0
551,3.0,0.0,-0.45010993,9.758766,1.412579,-0.00061086525,0.0018325957999999999,-0.0012217305,558.0,0.0,1.0
552,3.0,0.0,-0.4213795,9.744401,1.2665327,0.0,0.0,-0.0012217305,559.0,0.0,1.0
553,3.0,0.0,-0.46208093,9.749189,1.352724,-0.0012217305,0.0012217305,0.0,560.0,0.0,1.0
554,3.0,0.0,-0.4285621,9.744401,1.328782,-0.0012217305,0.0012217305,0.0,561.0,0.0,1.0
555,3.0,0.0,-0.4405331,9.744401,1.4030021000000001,-0.0012217305,0.00061086525,0.0,562.0,0.0,1.0
556,3.0,0.0,-0.4309563,9.773131,1.3934253,-0.00061086525,0.00061086525,0.00061086525,563.0,0.0,1.0
557,3.0,0.0,-0.4261679,9.76116,1.3862427,-0.0012217305,0.0012217305,0.0,564.0,0.0,1.0
558,3.0,0.0,-0.56982,9.758766,1.055843,0.00061086525,0.0012217305,0.0,565.0,0.0,1.0
559,3.0,0.0,-0.50278234,9.80665,1.0462662,0.0,-0.01160644,-0.0012217305,566.0,0.0,1.0
560,3.0,0.0,-0.5410896,9.861717,0.7374141,0.0067195175,-0.037873644,-0.0067195175,567.0,0.0,1.0
561,3.0,0.0,-0.8882488000000002,9.94312,-0.07182605,0.002443461,-0.06841691,-0.014660766,568.0,0.0,1.0
562,3.0,0.0,-0.94331545,9.792285000000001,-0.29927522,0.004886922,0.01282817,-0.005497787,569.0,0.0,1.0
563,3.48,352.0,-1.2761095,9.775525,0.36631286,0.002443461,0.05375614,0.017104227,570.0,3.62,1.0
564,4.0,348.0,-1.3694833999999998,9.94312,0.5530606,-0.0030543262,0.054367005999999996,0.013439035,571.0,5.0299997,1.0
565,4.0,347.0,-0.89543146,9.375694000000001,0.06703765,0.0012217305,0.05131268,0.02321288,572.0,6.35,1.0
566,3.9,346.0,-0.7685388000000001,9.064447,0.33039984,-0.044593163,0.05497787,0.021380282999999996,573.0,7.1099997,1.0
567,3.9,343.0,-0.521936,9.569624000000001,0.25139117,-0.00061086525,-0.0018325957999999999,-0.002443461,574.0,7.41,1.0
568,4.0,343.0,-0.18914193,10.017339999999999,1.1540052,-0.007330383,-0.03359759,-0.0036651915999999997,575.0,7.45,1.0
569,4.0,345.0,-0.35194764,10.072407,1.8148049,-0.005497787,-0.02443461,-0.010995574,576.0,7.64,1.0
570,3.9,346.0,0.39264908,9.423578,0.50517654,0.007330383,-0.025045475,-0.017715093,577.0,7.58,1.0
571,3.9,348.0,-0.5674258000000001,10.0341,1.4915876000000001,0.012217305,-0.029932396,-0.01038471,578.0,7.35,1.0
572,3.9,349.0,0.1412579,9.497798,2.135628,-0.007330383,-0.026267206,-0.01038471,579.0,7.06,1.0
573,3.9,350.0,-0.17477672,9.727641,2.7964275,0.00061086525,-0.02321288,-0.0036651915999999997,580.0,6.41,1.0
574,4.0,350.0,0.047884032,9.7084875,2.3870192,-0.007941248,-0.02687807,-0.0030543262,581.0,5.58,1.0
575,4.0,353.0,-0.32321724,9.591172,2.4420857000000002,-0.004886922,-0.008552114,-0.01038471,582.0,4.62,1.0
576,3.7910000000000004,353.0,-0.14844051,9.842564,2.0207062,0.0018325957999999999,-0.009773844,0.004886922,583.0,3.74,1.0
577,3.5789999999999997,351.0,-0.26336220000000005,9.572019000000001,1.9776106,0.0,-0.028710667000000002,0.0036651915999999997,584.0,2.78,1.0
578,3.4,354.0,-0.51475334,9.696517,1.3215994,-0.004276057,-0.02321288,-0.014660766,585.0,2.1499999,1.0
579,3.2439999999999998,354.0,-0.521936,9.830592,1.2737153,0.0030543262,-0.013439035,0.01160644,586.0,2.01,1.0
580,3.267,358.0,-0.62728083,9.986216,1.7070657999999999,-0.00061086525,0.007941248,0.002443461,587.0,2.07,1.0
581,3.263,359.0,-0.4261679,9.667786999999999,1.5179238000000002,-0.007941248,0.029932396,0.018936822,588.0,2.09,1.0
582,3.261,0.0,-0.36391866,9.603143,1.412579,0.0018325957999999999,0.032375857,0.014049901000000002,589.0,2.05,1.0
583,3.61,356.0,-0.40462008,9.933542999999998,1.7214310000000002,-0.017715093,0.03359759,-0.0018325957999999999,590.0,2.1699998,1.0
584,3.767,353.0,-0.581791,9.7324295,0.8810662,-0.004276057,0.029321532999999997,-0.026267206,591.0,2.1,1.0
585,3.889,351.0,-0.18674773,9.485827,1.6663644,0.004276057,0.0036651915999999997,0.0061086523,592.0,2.31,1.0
586,3.4730000000000003,354.0,-0.51235914,10.244789,1.9225439999999998,-0.0012217305,0.007941248,-0.0067195175,593.0,2.05,1.0
587,3.528,351.0,0.107739076,9.6845455,1.5897499,-0.002443461,-0.0018325957999999999,0.01160644,594.0,1.4499999,1.0
588,3.503,350.0,-0.25139117,9.720459,1.1779473,-0.00061086525,0.0,-0.002443461,595.0,1.18,1.0
589,3.201,355.0,0.016759411999999998,9.720459,1.745373,-0.002443461,-0.002443461,0.0,596.0,1.1899998999999999,1.0
590,3.0,0.0,0.13407529999999998,9.713275999999999,2.4779987,0.00061086525,0.002443461,0.00061086525,597.0,0.0,1.0
591,3.0,356.0,-0.24420857,9.830592,1.2689268999999999,-0.0030543262,-0.00061086525,0.0012217305,598.0,0.17,1.0
592,3.009,354.0,0.055066638,9.959878999999999,1.1899183,-0.00061086525,-0.018936822,0.0036651915999999997,599.0,0.25,1.0
593,3.0,0.0,-0.16280572,9.770736999999999,1.4317327,-0.0030543262,-0.00061086525,-0.0018325957999999999,600.0,0.0,1.0
594,3.0,0.0,-0.5482722,9.880871,1.1228806,0.007941248,0.01160644,0.0061086523,601.0,0.0,1.0
595,3.0,0.0,-0.2705448,9.490616000000001,1.8291701,-0.004886922,-0.008552114,0.00061086525,602.0,0.0,1.0
596,3.0,0.0,-0.20590134,9.861717,1.5370774999999999,0.0030543262,-0.004886922,-0.005497787,603.0,0.0,1.0
597,3.0,0.0,-0.25857377,9.844957,1.5275006000000002,-0.00061086525,0.0018325957999999999,-0.009162978,604.0,0.0,1.0
598,3.0,0.0,-0.15801731,9.8042555,1.3000516000000002,0.005497787,-0.0018325957999999999,0.0067195175,605.0,0.0,1.0
599,3.0,0.0,-0.22505496,9.813833,1.4460978999999998,-0.00061086525,-0.0012217305,0.00061086525,606.0,0.0,1.0
600,3.0,0.0,-0.18435353,9.770736999999999,1.3838485,-0.0030543262,-0.00061086525,0.005497787,607.0,0.0,1.0
601,3.0,0.0,-0.20590134,9.773131,1.4341268999999999,-0.00061086525,0.00061086525,0.00061086525,608.0,0.0,1.0
602,3.0,0.0,-0.20829555,9.749189,1.364695,-0.00061086525,0.0036651915999999997,0.0,609.0,0.0,1.0
603,3.0,0.0,-0.19632454,9.744401,1.4389153000000001,-0.00061086525,-0.002443461,0.0,610.0,0.0,1.0
604,3.0,0.0,-0.22984336,9.61272,1.7142484,-0.00061086525,-0.002443461,-0.005497787,611.0,0.0,1.0
605,3.0,0.0,-0.15083471,9.770736999999999,1.4197617,0.0,-0.0030543262,-0.0012217305,612.0,0.0,1.0
606,3.0,0.0,-0.19871874,9.753978,1.3862427,0.0,0.0018325957999999999,0.0,613.0,0.0,1.0
607,3.015,0.0,-0.15322891,9.715671,1.2689268999999999,-0.00061086525,-0.00061086525,-0.0012217305,614.0,0.0,1.0
608,3.031,0.0,-0.17956513,9.730036,1.2593501,0.00061086525,0.0018325957999999999,-0.007330383,615.0,0.0,1.0
609,3.043,0.0,-0.18195933,9.76116,1.3934253,-0.0018325957999999999,-0.004276057,0.00061086525,616.0,0.0,1.0
610,3.0,0.0,-0.22984336,9.744401,1.3718776000000001,-0.0012217305,0.0030543262,-0.0012217305,617.0,0.0,1.0
611,3.0,0.0,-0.20590134,9.787497,1.3982137,0.0018325957999999999,0.0030543262,-0.002443461,618.0,0.0,1.0
612,3.0,0.0,-0.22505496,9.749189,1.4317327,-0.0012217305,0.0036651915999999997,0.002443461,619.0,0.0,1.0
613,3.0,0.0,-0.15801731,9.818622,1.3670892,-0.0012217305,-0.0018325957999999999,-0.0018325957999999999,620.0,0.0,1.0
614,3.0,0.0,-0.20350714,9.730036,1.352724,-0.0061086523,0.010995574,0.005497787,621.0,0.0,1.0
615,3.0,0.0,-0.23702596,9.753978,1.3934253,-0.0030543262,0.004886922,-0.00061086525,622.0,0.0,1.0
616,3.0,0.0,-0.36631286,9.765948,1.2808979,0.004886922,0.013439035,-0.008552114,623.0,0.0,1.0
617,3.0,0.0,-0.11971009,9.770736999999999,1.2904748,-0.0061086523,-0.014049901000000002,0.018936822,624.0,0.0,1.0
618,3.0,0.0,-0.33279404,9.763555,1.2808979,0.0030543262,0.008552114,-0.002443461,625.0,0.0,1.0
619,3.0,0.0,-0.20590134,9.785102,1.4173675,-0.002443461,0.0012217305,-0.00061086525,626.0,0.0,1.0
620,3.0,0.0,-0.18914193,9.816227,1.4748282,-0.0018325957999999999,0.0,0.023823743999999997,627.0,0.0,1.0
621,3.0,0.0,-0.20350714,9.864111,1.4628572,0.0018325957999999999,0.0036651915999999997,-0.004276057,628.0,0.0,1.0
622,3.0,0.0,-0.36391866,9.809045,1.2401965,0.005497787,0.007330383,-0.005497787,629.0,0.0,1.0
623,3.0,0.0,-0.18435353,9.7563715,1.3311761999999998,-0.002443461,0.0,-0.0012217305,630.0,0.0,1.0
624,3.0,0.0,-0.21787235,9.753978,1.4772223999999998,-0.002443461,0.012217305,0.00061086525,631.0,0.0,1.0
625,3.0,0.0,-0.076614454,9.710882000000002,1.4030021000000001,-0.0012217305,-0.005497787,0.0018325957999999999,632.0,0.0,1.0
626,3.0,0.0,-0.088585466,9.634267999999999,1.3311761999999998,0.0061086523,-0.0030543262,0.002443461,633.0,0.0,1.0
627,3.0,0.0,-0.23223756,9.770736999999999,1.4077905000000002,0.007941248,-0.009773844,-0.008552114,634.0,0.0,1.0
628,3.0,0.0,-0.33279404,9.900024,0.9720459000000001,0.01282817,-0.007941248,-0.007330383,635.0,0.0,1.0
629,3.0,0.0,-0.5554548,9.849746000000001,-0.076614454,0.009773844,-0.03176499,-0.0036651915999999997,636.0,0.0,1.0
630,3.0,349.0,-0.7326256999999999,9.868899,-0.27533320000000006,-0.004886922,-0.021380282999999996,-0.03176499,637.0,0.89,1.0
631,3.0589999999999997,349.0,-0.9816226999999998,9.61272,-0.4141969,-0.01160644,0.018936822,0.012217305,638.0,2.27,1.0
632,4.0,352.0,-0.9528923,9.907207000000001,-0.59615624,0.014660766,0.009773844,-0.014049901000000002,639.0,4.22,1.0
633,4.0,353.0,-0.641646,10.589554,-0.50038815,0.0018325957999999999,0.0067195175,-0.01282817,640.0,5.5099998,1.0
634,4.0,351.0,0.038307227,9.548077000000001,-0.80684596,0.037873644,0.007330383,0.0018325957999999999,641.0,6.95,1.0
635,3.9,354.0,-0.62728083,10.374075999999999,0.8810662,-0.0018325957999999999,0.017715093,-0.007330383,642.0,8.23,1.0
636,3.9,354.0,-0.8595184000000001,9.100361,0.25857377,-0.017104227,0.014049901000000002,-0.021380282999999996,643.0,9.41,1.0
637,3.9,353.0,-1.7836802999999999,9.94312,-0.5793968,0.004886922,0.007941248,-0.01282817,644.0,10.63,1.0
638,3.9,353.0,-1.364695,9.782708,0.5482722,0.016493361,0.007941248,-0.012217305,645.0,11.61,1.0
639,3.9,352.0,-0.23463176,10.247183,0.7422025,0.002443461,0.0036651915999999997,-0.004886922,646.0,12.19,1.0
640,3.9,351.0,-0.63206923,10.000581,1.3790601,-0.009773844,0.0,-0.01038471,647.0,12.59,1.0
641,5.171,0.0,0.021547815,8.884883,0.89303726,-0.018936822,-0.0030543262,-0.005497787,648.0,-1.0,1.0
642,3.9,353.0,-0.11731588,10.13705,0.8810662,0.016493361,-0.004276057,0.019547688,650.0,14.009998999999999,1.0
643,3.9,353.0,0.6440403,8.875306,0.15562311,0.020158553,0.002443461,-0.00061086525,651.0,14.21,1.0
644,3.9,353.0,-0.08140286,9.555259,0.5267244000000001,-0.00061086525,0.009773844,-0.007941248,652.0,14.63,1.0
645,3.9,353.0,0.050278235,10.065224,1.8363526999999997,-0.002443461,-0.00061086525,-0.01282817,653.0,14.769999499999999,1.0
646,3.9,352.0,0.92655605,9.540894,1.2808979,0.004886922,-0.010995574,0.095294975,654.0,15.059999,1.0
647,3.9,352.0,0.7757214,10.333375,1.532289,-0.007330383,0.002443461,-0.014660766,655.0,15.15,1.0
648,3.9,352.0,0.35194764,9.490616000000001,1.8674773,0.015271631,-0.0061086523,-0.014049901000000002,656.0,15.19,1.0
649,3.9,352.0,-1.055843,10.30225,1.2186487,-0.005497787,-0.005497787,0.010995574,657.0,15.23,1.0
650,3.9,353.0,0.21547815,10.117896,0.59136784,0.002443461,0.0036651915999999997,-0.010995574,658.0,15.349998999999999,1.0
651,3.9,352.0,-0.78290397,9.476251,-0.30166942,-0.03176499,-0.0018325957999999999,-0.004886922,659.0,15.679998999999999,1.0
652,3.9,352.0,-0.92416185,10.527305,1.9632453999999997,0.005497787,0.01160644,0.019547688,660.0,16.119999,1.0
653,3.9,352.0,-0.94092125,10.208876,1.4053963,0.02321288,0.018936822,-0.035430185,661.0,17.14,1.0
654,3.9,351.0,0.40940848,8.983044999999999,1.6208745,0.018936822,0.01160644,-0.045814894,662.0,17.32,1.0
655,3.9,351.0,-0.32800564,9.629479,1.9440918000000003,-0.013439035,0.028099801,-0.021991148999999998,663.0,17.369999,1.0
656,4.0,352.0,0.062249242999999996,10.16578,2.1068976000000004,0.0012217305,0.009773844,-0.009773844,664.0,17.1,1.0
657,4.0,349.0,-0.01436521,9.667786999999999,3.6128504,0.007941248,-0.002443461,-0.0067195175,665.0,16.26,1.0
658,4.0,350.0,0.26815059999999996,9.461885,3.7158010000000004,0.026267206,-0.002443461,0.00061086525,666.0,15.08,1.0
659,3.9,351.0,-0.08379706,10.299856,3.6176388,-0.010995574,0.021380282999999996,0.0061086523,667.0,13.09,1.0
660,3.9,350.0,-0.5626374,9.01417,2.4349031,-0.01038471,0.06597344599999999,0.014049901000000002,668.0,11.32,1.0
661,3.9,346.0,-1.7238252,9.368511,2.791639,0.0018325957999999999,0.17165314,0.017715093,669.0,10.01,1.0
662,3.9,341.0,-2.918532,9.773131,1.364695,0.012217305,0.27488935,0.077579886,670.0,9.17,1.0
663,3.9,331.0,-2.3295584,9.80665,1.0965444,-0.03481932,0.25289822,0.007941248,671.0,8.79,1.0
664,3.9,305.0,-4.295198,10.139444000000001,0.9696517,-0.018936822,0.21991149,0.04276056599999999,672.0,10.34,1.0
665,3.9,291.0,-1.8100165000000001,10.453085,0.842759,-0.014049901000000002,0.14477506,0.009773844,673.0,11.469999000000001,1.0
666,3.9,282.0,-1.2521674999999999,9.727641,0.10055647,-0.009773844,0.021991148999999998,0.004886922,674.0,13.009999,1.0
667,4.0,281.0,-0.7134720999999999,9.476251,0.19393034,0.014049901000000002,0.007941248,0.021380282999999996,675.0,14.28,1.0
668,4.0,282.0,-1.4101848999999997,8.710106,0.095768064,0.007941248,0.017104227,-0.040317107000000005,676.0,15.389999,1.0
669,4.0,281.0,0.29209262,11.20247,1.4867992,0.01038471,-0.007941248,0.026267206,677.0,16.15,1.0
670,4.0,282.0,-0.7326256999999999,10.089166,0.13168110000000002,0.013439035,-0.009773844,0.0,678.0,16.71,1.0
671,4.0,282.0,0.23702596,9.272743,1.3072342,-0.02565634,-0.014049901000000002,0.021991148999999998,679.0,17.119999,1.0
672,4.0,284.0,0.035913024,10.857705000000001,1.8507179,0.054367005999999996,-0.0012217305,0.0067195175,680.0,17.46,1.0
673,5.0,283.0,0.80684596,9.794678999999999,1.4053963,-0.03970624,0.0036651915999999997,0.058643065,681.0,17.289998999999998,1.0
674,4.0,283.0,-0.074220255,9.639056,1.9273324,0.021380282999999996,0.02076942,-0.007330383,682.0,16.93,1.0
675,4.0,282.0,-0.62967503,9.816227,2.552219,0.004276057,0.025045475,-0.028099801,683.0,16.539998999999998,1.0
676,4.0,280.0,0.4165911,9.653421,1.3120226000000001,0.023823743999999997,0.016493361,0.0018325957999999999,684.0,15.639999,1.0
677,3.9,280.0,-0.4357447,10.000581,2.1140802000000005,-0.0030543262,0.027488936000000002,-0.00061086525,685.0,15.0,1.0
678,3.9,278.0,0.6919243,9.574411999999999,4.0701427,-0.086132,0.012217305,0.049480084,686.0,14.44,1.0
679,3.9,277.0,-0.20111294,9.56723,1.8938134999999998,-0.02443461,0.014660766,0.0018325957999999999,687.0,13.799999,1.0
680,3.9,276.0,0.36870706,8.801085,2.3008277,0.017715093,0.01282817,-0.017104227,688.0,12.62,1.0
681,3.9,276.0,1.0366893,9.744401,3.3925837999999997,0.0036651915999999997,0.0061086523,0.0018325957999999999,689.0,11.36,1.0
682,4.0,277.0,0.29448682,9.200917,3.1292217,-0.01038471,-0.0036651915999999997,-0.01038471,690.0,9.9,1.0
683,4.0,277.0,1.5251063999999999,8.841787,3.2752678,-0.017104227,-0.004886922,0.015882496,691.0,7.91,1.0
684,3.9,277.0,0.32800564,9.782708,2.5737667,0.007330383,0.0030543262,0.0,692.0,5.2599998,1.0
685,3.647,276.0,0.7182605,9.591172,3.217807,-0.0061086523,0.00061086525,0.014660766,693.0,3.4199998,1.0
686,3.373,277.0,0.10055647,9.610325999999999,2.6048915,0.0018325957999999999,-0.005497787,-0.007330383,694.0,1.9,1.0
687,3.0269999999999997,277.0,-0.44771573,9.945514,1.2018893,-0.00061086525,0.0018325957999999999,0.00061086525,695.0,0.01,1.0
688,3.0,288.0,-0.35913026,9.744401,1.2761095,0.00061086525,0.0018325957999999999,0.00061086525,696.0,0.39,1.0
689,3.0,0.0,-0.42377370000000003,9.775525,1.3455413999999999,0.00061086525,-0.00061086525,0.0,697.0,0.0,1.0
690,3.0,0.0,-0.36631286,9.749189,1.3575124,0.0,0.0,0.00061086525,698.0,0.0,1.0
691,3.0,0.0,-0.4141969,9.730036,1.4413095,-0.00061086525,0.0012217305,-0.0018325957999999999,699.0,0.0,1.0
692,3.0,0.0,-0.40462008,9.742006,1.1994951,0.002443461,0.0036651915999999997,0.0012217305,700.0,0.0,1.0
693,3.0,0.0,-0.4141969,9.7324295,1.376666,-0.002443461,-0.00061086525,-0.00061086525,701.0,0.0,1.0
694,3.0,0.0,-0.40701428,9.727641,1.3982137,0.0,0.0,0.002443461,702.0,0.0,1.0
695,3.0,0.0,-0.35673606,9.758766,1.3599066,-0.00061086525,-0.00061086525,-0.0030543262,703.0,0.0,1.0
696,3.0,0.0,-0.35913026,9.737217999999999,1.328782,-0.00061086525,0.00061086525,0.00061086525,704.0,0.0,1.0
697,3.0,0.0,-0.40701428,9.76116,1.4101848999999997,-0.00061086525,0.00061086525,-0.002443461,705.0,0.0,1.0
698,3.0,0.0,-0.39264908,9.751583,1.3742718,-0.0012217305,-0.0012217305,0.0,706.0,0.0,1.0
699,3.0,0.0,-0.39504328,9.763555,1.5275006000000002,-0.004276057,-0.0018325957999999999,0.00061086525,707.0,0.0,1.0
700,3.0,0.0,-0.37828386,9.770736999999999,1.3718776000000001,0.0,0.002443461,0.0,708.0,0.0,1.0
701,3.0,0.0,-0.35673606,9.768343,1.4460978999999998,-0.0012217305,-0.0012217305,0.0,709.0,0.0,1.0
702,3.0,0.0,-0.39504328,9.720459,1.3742718,0.00061086525,0.0030543262,-0.002443461,710.0,-1.0,1.0
703,3.0,0.0,-0.4309563,9.742006,1.3742718,0.0,0.0018325957999999999,-0.0018325957999999999,712.0,0.0,1.0
704,3.0,0.0,-0.3854665,9.722853,1.4317327,-0.002443461,-0.0018325957999999999,0.0018325957999999999,713.0,0.0,1.0
705,3.0,0.0,-0.39504328,9.80665,1.472434,0.0012217305,0.00061086525,-0.0012217305,714.0,0.0,1.0
706,3.0,0.0,-0.4405331,9.799467,1.496376,0.0,0.0012217305,0.0,715.0,0.0,1.0
707,3.0,0.0,-0.38067806,9.763555,1.2545617,-0.00061086525,0.0018325957999999999,-0.00061086525,716.0,0.0,1.0
708,3.0,0.0,-0.38307226,9.742006,1.3239936,-0.0030543262,-0.00061086525,-0.00061086525,717.0,0.0,1.0
709,3.0,0.0,-0.39504328,9.742006,1.364695,0.0,0.0018325957999999999,0.0,718.0,0.0,1.0
710,3.0,0.0,-0.46447513,9.801862,0.91219085,0.00061086525,-0.007941248,-0.0030543262,719.0,0.0,1.0
711,3.0,0.0,-1.2425906999999998,9.979032499999999,-0.8786719999999999,-0.0036651915999999997,-0.0018325957999999999,-0.00061086525,720.0,0.0,1.0
712,3.0,278.0,-1.0271125,9.737217999999999,-1.0247183000000002,0.005497787,0.01160644,-0.020158553,721.0,1.77,1.0
713,4.0,276.0,-0.5793968,9.3733,-0.60094464,0.02321288,0.005497787,-0.02565634,722.0,4.36,1.0
714,3.9,275.0,-1.4269443000000002,10.213664,0.9624690999999999,0.019547688,0.012217305,-0.007941248,723.0,5.2799997,1.0
715,3.9,275.0,-1.3144168,9.7324295,0.021547815,-0.00061086525,0.0036651915999999997,-0.014660766,724.0,6.0699997,1.0
716,3.9,275.0,-0.6991069000000001,10.208876,1.055843,-0.019547688,0.009162978,0.0067195175,725.0,6.6499996,1.0
717,3.9,275.0,-0.581791,9.78989,-0.521936,-0.029932396,0.004886922,0.010995574,726.0,7.47,1.0
718,3.9,275.0,-0.37588966,10.309433,1.4221559,0.009162978,0.0067195175,-0.007941248,727.0,8.45,1.0
719,3.9,275.0,-2.6048915,10.292672999999999,-0.45729253,-0.025045475,0.019547688,0.04153884,728.0,9.48,1.0
720,3.9,274.0,0.18435353,10.338163,1.733402,0.025045475,0.01160644,0.031154128,729.0,9.809999000000001,1.0
721,3.9,272.0,-0.050278235,9.701305,2.1045034,0.0012217305,0.007941248,-0.016493361,730.0,10.639999000000001,1.0
722,3.9,271.0,0.13168110000000002,9.291897,0.6919243,0.023823743999999997,0.017715093,-0.0018325957999999999,731.0,10.94,1.0
723,3.9,271.0,-0.78769237,10.247183,0.9935937,0.017715093,0.025045475,0.01038471,732.0,11.16,1.0
724,3.9,271.0,-0.39743748,10.16578,0.79966336,-0.017715093,0.0036651915999999997,0.019547688,733.0,11.24,1.0
725,3.9,270.0,0.35913026,9.421184,-0.8690952,0.0018325957999999999,-0.02076942,0.009773844,734.0,11.49,1.0
726,3.9,270.0,0.28012159999999997,8.468291,-0.18195933,-0.019547688,-0.007941248,-0.004276057,735.0,11.94,1.0
727,3.9,271.0,-1.2401965,9.734824,0.6464345,0.02321288,0.01038471,-0.03726278,736.0,12.759999,1.0
728,3.9,271.0,-1.1204863999999999,9.923966,1.3024458,-0.035430185,0.020158553,0.018325957,737.0,13.509998999999999,1.0
729,3.9,270.0,-1.6352396999999999,9.380483,0.80684596,-0.032986722999999996,0.03604105,0.0067195175,738.0,14.65,1.0
730,4.0,268.0,0.08140286,10.579977,1.8986019,0.017715093,0.014049901000000002,0.06597344599999999,739.0,15.48,1.0
731,4.0,266.0,0.20590134,9.574411999999999,1.364695,-0.02687807,0.021380282999999996,0.004886922,740.0,15.679998999999999,1.0
732,4.0,265.0,-0.35194764,9.574411999999999,-0.33039984,-0.015882496,0.009162978,0.009162978,741.0,15.429998999999999,1.0
733,4.0,265.0,-1.2401965,9.916783,0.15801731,-0.010995574,0.007330383,0.015882496,742.0,15.54,1.0
734,4.0,264.0,-0.7158663000000001,9.198523,1.7238252,-0.03970624,0.02565634,-0.03481932,743.0,15.67,1.0
735,4.0,264.0,-0.9816226999999998,10.709264,1.7717092,0.007941248,0.021991148999999998,-0.03726278,744.0,16.02,1.0
736,3.9,263.0,-0.8475474000000001,9.325416,1.0749966,0.010995574,0.002443461,0.018936822,745.0,15.87,1.0
737,3.9,262.0,-0.60094464,9.512163000000001,0.46447513,-0.019547688,0.005497787,-0.0067195175,746.0,15.94,1.0
738,3.9,263.0,0.10534488,9.275136999999999,1.1540052,-0.02443461,-0.0018325957999999999,0.021991148999999998,747.0,16.27,1.0
739,3.9,262.0,0.2825158,9.617508,1.7669207999999998,0.015882496,0.0036651915999999997,-0.0018325957999999999,748.0,16.63,1.0
740,3.9,262.0,0.47165772,9.097966,1.8842366999999998,-0.058643065,-0.015271631,0.05009095,749.0,16.5,1.0
741,4.0,262.0,0.16280572,10.771513,1.5538370000000001,0.0018325957999999999,-0.004276057,-0.0036651915999999997,750.0,16.31,1.0
742,3.9,261.0,0.093373865,9.502586,0.770933,-0.048258353,-0.022602014,0.03176499,751.0,16.029999,1.0
743,4.0,262.0,0.04070143,9.550469999999999,1.4317327,-0.028710667000000002,-0.014660766,-0.007330383,752.0,15.98,1.0
744,4.0,261.0,-0.4213795,9.770736999999999,0.01436521,0.03604105,-0.009773844,-0.047647487,753.0,15.66,1.0
745,4.0,262.0,-0.641646,9.981427,1.163582,0.0,-0.019547688,-0.016493361,754.0,15.259998999999999,1.0
746,5.0,265.0,-0.91937345,10.292672999999999,0.42377370000000003,-0.010995574,-0.021380282999999996,-0.007941248,755.0,14.79,1.0
747,5.0,267.0,0.14604631,9.919178,0.8690952,-0.025045475,-0.02076942,0.03604105,756.0,15.13,1.0
748,5.0,267.0,-0.007182605,9.854534,2.2026656000000004,-0.0067195175,-0.007330383,0.004276057,757.0,15.089998999999999,1.0
749,4.0,269.0,0.7398083000000001,9.289502,2.3032220000000003,0.017104227,0.0067195175,-0.007941248,758.0,14.48,1.0
750,5.0,269.0,0.7062895,10.072407,2.9616275,-0.0061086523,-0.004276057,0.007941248,759.0,13.11,1.0
751,5.0,269.0,0.34715924,9.782708,1.7525556,0.013439035,0.00061086525,-0.01038471,760.0,11.88,1.0
752,5.0,270.0,0.19632454,9.873688000000001,1.9009962,-0.002443461,-0.002443461,0.004276057,761.0,10.86,1.0
753,5.0,270.0,-0.009576807,9.564836,2.0709844,-0.010995574,-0.0067195175,-0.005497787,762.0,9.99,1.0
754,5.0,269.0,1.1659763,9.169792,2.813187,0.010995574,0.0018325957999999999,0.019547688,763.0,9.019999499999999,1.0
755,5.0,269.0,0.89303726,9.148245,2.4468741,0.01038471,-0.005497787,0.014660766,764.0,7.66,1.0
756,4.0,270.0,1.1372458,8.403648,2.3391352000000003,0.012217305,0.0061086523,0.002443461,765.0,5.92,1.0
757,4.0,272.0,0.48123455,9.49301,2.492364,0.02321288,-0.0061086523,0.004276057,766.0,4.14,1.0
758,3.5669999999999997,270.0,0.41180268,9.753978,1.8602947,0.0061086523,0.004886922,0.01038471,767.0,2.4099998,1.0
759,3.237,269.0,0.14604631,9.682152,1.3359646,0.0,0.004276057,-0.0061086523,768.0,1.3399999,1.0
760,3.0010000000000003,268.0,-0.08379706,9.916783,1.0103531,0.0036651915999999997,-0.0030543262,-0.018936822,769.0,0.76,1.0
761,3.0,268.0,0.04309563,9.746795,1.292869,-0.004886922,0.012217305,-0.002443461,770.0,0.55,1.0
762,3.0,268.0,-0.009576807,9.710882000000002,0.8762778,0.009162978,0.012217305,-0.002443461,771.0,0.17,1.0
763,3.0,0.0,0.019153614,9.830592,1.0223241,-0.007330383,-0.0012217305,-0.0012217305,772.0,0.0,1.0
764,3.9,0.0,-0.007182605,9.82341,0.9983820999999999,-0.0018325957999999999,-0.004886922,0.0012217305,773.0,0.0,1.0
765,3.237,0.0,0.038307227,9.842564,1.0103531,-0.00061086525,0.00061086525,-0.002443461,774.0,0.0,1.0
766,3.0,0.0,-0.0023942017,9.787497,1.067814,-0.002443461,-0.002443461,0.00061086525,775.0,0.0,1.0
767,3.0,0.0,-0.04070143,9.768343,1.067814,-0.004886922,0.0018325957999999999,-0.0012217305,776.0,0.0,1.0
768,3.0,0.0,-0.033518825,9.739613,0.93373865,-0.0012217305,0.005497787,-0.0012217305,777.0,0.0,1.0
769,3.0,0.0,-0.37349546,9.916783,0.19632454,0.01160644,0.0061086523,-0.009162978,778.0,0.0,1.0
770,3.0,0.0,-0.5315128,9.828198,-0.47165772,-0.0036651915999999997,-0.0030543262,-0.0018325957999999999,779.0,0.0,1.0
771,3.0,268.0,-0.80445176,9.945514,-0.90261406,0.010995574,-0.01038471,-0.00061086525,780.0,1.55,1.0
772,3.49,269.0,-0.6655880999999999,10.211269999999999,-0.47644615,0.007941248,-0.01282817,-0.017715093,781.0,3.4299998,1.0
773,4.0,270.0,-0.24420857,10.429143,1.6903063999999999,-0.0067195175,0.005497787,-0.03176499,782.0,5.02,1.0
774,4.0,268.0,0.5602431999999999,9.40203,0.5506664000000001,-0.013439035,-0.007330383,0.040927973,783.0,6.66,1.0
775,3.9,268.0,-1.8962077000000002,10.951078,0.56982,-0.05009095,-0.004886922,0.01160644,784.0,7.97,1.0
776,4.0,269.0,-0.48362875,9.629479,0.80445176,0.018936822,0.005497787,-0.021380282999999996,785.0,9.269999499999999,1.0
777,4.0,269.0,1.079785,10.728417,5.080496,-0.009162978,-0.0030543262,0.0030543262,786.0,10.099999,1.0
778,3.9,270.0,-1.9393034,10.149021000000001,-0.16280572,0.031154128,0.005497787,-0.0012217305,787.0,10.53,1.0
779,3.9,270.0,-0.40462008,9.260772,-0.2657564,-0.030543262,0.032375857,0.004276057,788.0,11.57,1.0
780,3.9,267.0,-0.320823,10.010158,-0.2825158,-0.021380282999999996,0.018325957,0.032986722999999996,789.0,12.69,1.0
781,3.9,265.0,1.5538370000000001,8.738836000000001,3.7804443999999995,0.013439035,-0.017715093,-0.009773844,790.0,13.809999,1.0
782,3.9,266.0,1.1731589,9.066842,1.8531121,0.04276056599999999,-0.020158553,-0.04276056599999999,791.0,14.16,1.0
783,3.9,267.0,0.7469909,9.284714,1.6376339,-0.017104227,-0.01160644,-0.0018325957999999999,792.0,13.75,1.0
784,4.0,268.0,-0.021547815,9.557653,1.2641385,-0.0067195175,-0.0036651915999999997,-0.0030543262,793.0,13.46,1.0
785,4.0,268.0,-0.29209262,9.476251,1.42455,-0.00061086525,0.007330383,-0.019547688,794.0,12.769999499999999,1.0
786,4.0,269.0,0.80924016,9.423578,2.1643584,-0.02076942,0.005497787,0.0012217305,795.0,12.349999,1.0
787,4.0,268.0,0.46208093,10.977414999999999,3.3135752999999997,-0.1282817,-0.01038471,0.0030543262,796.0,11.559999000000001,1.0
788,4.0,268.0,0.6991069000000001,10.323798,2.6240451,0.0036651915999999997,-0.01038471,-0.004276057,797.0,10.74,1.0
789,4.0,269.0,0.30645782,9.706094,1.3790601,-0.0036651915999999997,-0.01160644,-0.02076942,798.0,9.49,1.0
790,4.0,270.0,0.16519992,9.950302,1.0151415000000001,0.0030543262,-0.018325957,-0.015271631,799.0,8.47,1.0
791,5.0,270.0,0.16519992,9.979032499999999,1.3072342,-0.015882496,-0.02687807,-0.016493361,800.0,8.389999000000001,1.0
792,4.0,272.0,-0.02633622,9.701305,1.6783354,0.01038471,-0.028099801,-0.028099801,801.0,8.51,1.0
793,4.0,274.0,0.045489833,9.876082,0.82599956,0.0,-0.10262536,-0.01160644,802.0,8.38,1.0
794,4.0,276.0,-0.4357447,10.460267,1.0582372,0.00061086525,-0.04886922,-0.013439035,803.0,7.71,1.0
795,4.0,283.0,-0.46686932,10.213664,1.3263878,0.05497787,-0.03176499,-0.0061086523,804.0,8.87,1.0
796,4.0,285.0,-0.842759,9.809045,0.2873042,-0.008552114,-0.017104227,-0.0018325957999999999,805.0,9.639999000000001,1.0
797,3.9,285.0,-0.14844051,9.586383999999999,1.4173675,-0.0036651915999999997,0.0030543262,0.007330383,806.0,10.269999499999999,1.0
798,4.0,286.0,-0.36152446,10.017339999999999,2.3463178,-0.015271631,0.019547688,-0.004886922,807.0,10.639999000000001,1.0
799,4.0,285.0,-0.56982,9.598353999999999,2.4827871,-0.014660766,-0.034208454,-0.002443461,808.0,10.58,1.0
800,3.9,287.0,-0.47405192,9.76116,2.9759927000000004,-0.028710667000000002,-0.028099801,0.00061086525,809.0,9.88,1.0
801,3.9,288.0,-1.0462662,9.126697,4.237737,0.004886922,0.039095376,-0.017104227,810.0,7.8999996,1.0
802,4.0,287.0,-0.4381389,9.160214999999999,4.19943,-0.002443461,0.27977628,0.050701816,811.0,5.4,1.0
803,4.0,280.0,-0.47405192,9.689333999999999,1.7908629,0.008552114,0.1966986,0.021991148999999998,812.0,2.75,1.0
804,3.373,273.0,-1.1037270000000001,9.691728999999999,0.35673606,0.007941248,0.18387043,0.012217305,813.0,1.05,1.0
805,3.384,239.0,-1.5993267,9.842564,0.51235914,-0.028099801,0.29565877,0.036651913,814.0,1.04,1.0
806,3.716,224.0,-1.4149733,9.844957,0.32561144,-0.021380282999999996,0.26939157,0.04520403,815.0,2.29,1.0
807,4.032,210.0,-0.34715924,9.82341,0.4189853,-0.04520403,0.08857546,0.022602014,816.0,2.9299998,1.0
808,4.099,205.0,-0.4405331,9.751583,1.5466543,-0.020158553,0.027488936000000002,0.026267206,817.0,2.73,1.0
809,4.507,205.0,-0.9720459000000001,9.61272,2.1045034,-0.009773844,0.13133603,0.01038471,818.0,2.83,1.0
810,4.7010000000000005,199.0,-2.4684220000000003,9.964667,1.7741034,0.0067195175,0.3921755,-0.0036651915999999997,819.0,2.9299998,1.0
811,5.016,183.0,-1.8387468999999996,9.363723,3.0262709,-0.047036625,0.39767328,0.06169739,820.0,2.6699998,1.0
812,5.3260000000000005,162.0,-1.5011643999999997,8.968679,3.1268275,-0.069027774,0.42210788,0.054367005999999996,821.0,2.26,1.0
813,5.615,128.0,-1.1037270000000001,9.634267999999999,2.3798366,-0.004886922,0.40561453,0.043982297000000004,822.0,2.7,1.0
814,5.4239999999999995,110.0,-0.47405192,9.809045,2.2242134,-0.02076942,0.19425514,0.032375857,823.0,2.48,1.0
815,5.292000000000001,104.0,-0.08140286,9.730036,1.5801731,0.007330383,0.02565634,0.014049901000000002,824.0,2.35,1.0
816,5.047,92.0,-0.3854665,9.682152,1.5610195,0.0018325957999999999,-0.09773844,-0.009773844,825.0,1.29,1.0
817,5.078,84.0,-0.4285621,9.811439,1.4101848999999997,-0.0018325957999999999,-0.06719518,0.0018325957999999999,826.0,0.96999997,1.0
818,5.099,82.0,-0.39983168,9.677363,2.0326772,-0.00061086525,-0.032986722999999996,0.0,827.0,0.96999997,1.0
819,5.048,0.0,-0.4213795,9.653421,1.8674773,-0.0018325957999999999,-0.01160644,0.0036651915999999997,828.0,0.0,1.0
820,4.808,82.0,-0.63206923,9.725247,1.3575124,-0.0018325957999999999,-0.00061086525,-0.00061086525,829.0,0.14999999,1.0
821,4.655,80.0,-0.7302314999999999,9.825804,1.3838485,0.002443461,0.007941248,-0.008552114,830.0,0.17,1.0
822,4.551,79.0,-0.63206923,9.787497,1.5298948,-0.002443461,-0.0036651915999999997,0.0,831.0,0.049999997000000004,1.0
823,4.479,0.0,-0.6607997,9.76116,1.5035586,-0.002443461,-0.0018325957999999999,-0.0036651915999999997,832.0,0.0,1.0
824,4.43,0.0,-0.6368576,9.794678999999999,1.2856863,0.00061086525,0.0,0.0018325957999999999,833.0,0.0,1.0
825,4.394,0.0,-0.6368576,9.773131,1.4820108,-0.00061086525,0.0030543262,-0.0018325957999999999,834.0,0.0,1.0
826,7.0,0.0,-0.6536171,9.7324295,1.340753,-0.0012217305,0.002443461,0.004886922,835.0,0.0,1.0
827,6.184,0.0,-0.62009823,9.7324295,1.5610195,-0.004886922,-0.0061086523,0.002443461,836.0,0.0,1.0
828,5.441,0.0,-0.45489833,9.61272,1.3862427,-0.0018325957999999999,-0.004276057,-0.009162978,837.0,0.0,1.0
829,5.043,0.0,-0.59855044,9.768343,1.3862427,0.0,0.002443461,0.004276057,838.0,0.0,1.0
830,4.803999999999999,0.0,-1.4197617,9.801862,0.8810662,0.11178834,0.051923547,-0.17531833,839.0,0.0,1.0
831,4.65,0.0,-0.59376204,9.799467,1.4987701999999998,0.0,-0.004886922,0.0,840.0,0.0,1.0
832,4.547,0.0,-0.62728083,9.5385,1.9081788,-0.04886922,0.027488936000000002,0.0061086523,841.0,0.0,1.0
833,4.477,0.0,-0.6344634,9.76116,1.2904748,-0.00061086525,-0.0030543262,-0.0012217305,842.0,0.0,1.0
834,4.213,0.0,-0.533907,9.672575,1.5586253,-0.0012217305,-0.005497787,0.002443461,843.0,0.0,1.0
835,4.237,0.0,-0.6584055,9.80665,1.3718776000000001,-0.0012217305,-0.0018325957999999999,-0.0018325957999999999,844.0,0.0,1.0
836,4.064,0.0,-0.46686932,9.837775,1.6065093000000001,-0.009162978,-0.020158553,0.004886922,845.0,0.0,1.0
837,3.95,0.0,-0.5578489999999999,9.703699,1.412579,-0.002443461,-0.0036651915999999997,0.0067195175,846.0,0.0,1.0
838,4.039,0.0,-0.47884035,9.667786999999999,1.4556746,-0.0030543262,-0.0018325957999999999,0.0067195175,847.0,0.0,1.0
839,4.107,0.0,-1.043872,8.860941,2.9496564999999997,-0.2443461,0.14905111,0.0580322,848.0,0.0,1.0
840,4.159,0.0,-0.60094464,9.895236,1.5466543,0.0036651915999999997,0.004276057,-0.002443461,849.0,0.0,1.0
841,4.198,0.0,-0.59615624,9.662998,1.2665327,-0.002443461,0.0012217305,0.0012217305,850.0,0.0,1.0
842,4.226,0.0,-0.61052144,9.768343,1.5251063999999999,-0.00061086525,0.00061086525,-0.00061086525,851.0,0.0,1.0
843,4.248,0.0,-0.5267244000000001,9.801862,1.400608,-0.004276057,-0.0061086523,-0.004276057,852.0,0.0,1.0
844,4.338,0.0,-0.59376204,9.7324295,1.4987701999999998,-0.00061086525,-0.0012217305,-0.0012217305,853.0,-1.0,1.0
